Fact_ID,Element_Name,Value,Unit,Is_Null,Context_Ref,Entity_ID,Period_Start,Period_End,Instant_Date,Taxonomy_Prefix,Element_Local_Name,Combined_Element_Name,Date_Part,Data_Type
Fact000041,Cash,1134000.0,USD,false,AsOf2025-06-30,0000923601,,,2025-06-30,us-gaap,Cash,us-gaap:Cash_2025-06-30,2025-06-30,xbrl
Fact000042,Cash,7550000.0,USD,false,AsOf2024-12-31,0000923601,,,2024-12-31,us-gaap,Cash,us-gaap:Cash_2024-12-31,2024-12-31,xbrl
Fact000047,AllowanceForDoubtfulAccountsReceivableCurrent,101000.0,USD,false,AsOf2025-06-30,0000923601,,,2025-06-30,us-gaap,AllowanceForDoubtfulAccountsReceivableCurrent,us-gaap:AllowanceForDoubtfulAccountsReceivableCurrent_2025-06-30,2025-06-30,xbrl
Fact000049,AllowanceForDoubtfulAccountsReceivableCurrent,274000.0,USD,false,AsOf2024-12-31,0000923601,,,2024-12-31,us-gaap,AllowanceForDoubtfulAccountsReceivableCurrent,us-gaap:AllowanceForDoubtfulAccountsReceivableCurrent_2024-12-31,2024-12-31,xbrl
Fact000044,AccountsReceivableNet,2317000.0,USD,false,AsOf2025-06-30_us-gaap_NonrelatedPartyMember,0000923601,,,2025-06-30,us-gaap,AccountsReceivableNet,us-gaap:AccountsReceivableNet_2025-06-30,2025-06-30,xbrl
Fact000045,AccountsReceivableNet,4373000.0,USD,false,AsOf2024-12-31_us-gaap_NonrelatedPartyMember,0000923601,,,2024-12-31,us-gaap,AccountsReceivableNet,us-gaap:AccountsReceivableNet_2024-12-31,2024-12-31,xbrl
Fact000060,InventoryNet,2733000.0,USD,false,AsOf2025-06-30,0000923601,,,2025-06-30,us-gaap,InventoryNet,us-gaap:InventoryNet_2025-06-30,2025-06-30,xbrl
Fact000061,InventoryNet,2186000.0,USD,false,AsOf2024-12-31,0000923601,,,2024-12-31,us-gaap,InventoryNet,us-gaap:InventoryNet_2024-12-31,2024-12-31,xbrl
Fact000063,OtherAssetsCurrent,93000.0,USD,false,AsOf2025-06-30,0000923601,,,2025-06-30,us-gaap,OtherAssetsCurrent,us-gaap:OtherAssetsCurrent_2025-06-30,2025-06-30,xbrl
Fact000064,OtherAssetsCurrent,1621000.0,USD,false,AsOf2024-12-31,0000923601,,,2024-12-31,us-gaap,OtherAssetsCurrent,us-gaap:OtherAssetsCurrent_2024-12-31,2024-12-31,xbrl
Fact000066,PrepaidExpenseAndOtherAssetsCurrent,1219000.0,USD,false,AsOf2025-06-30,0000923601,,,2025-06-30,us-gaap,PrepaidExpenseAndOtherAssetsCurrent,us-gaap:PrepaidExpenseAndOtherAssetsCurrent_2025-06-30,2025-06-30,xbrl
Fact000067,PrepaidExpenseAndOtherAssetsCurrent,120000.0,USD,false,AsOf2024-12-31,0000923601,,,2024-12-31,us-gaap,PrepaidExpenseAndOtherAssetsCurrent,us-gaap:PrepaidExpenseAndOtherAssetsCurrent_2024-12-31,2024-12-31,xbrl
Fact000069,AssetsCurrent,7620000.0,USD,false,AsOf2025-06-30,0000923601,,,2025-06-30,us-gaap,AssetsCurrent,us-gaap:AssetsCurrent_2025-06-30,2025-06-30,xbrl
Fact000070,AssetsCurrent,16763000.0,USD,false,AsOf2024-12-31,0000923601,,,2024-12-31,us-gaap,AssetsCurrent,us-gaap:AssetsCurrent_2024-12-31,2024-12-31,xbrl
Fact000078,OtherAssetsNoncurrent,90000.0,USD,false,AsOf2025-06-30,0000923601,,,2025-06-30,us-gaap,OtherAssetsNoncurrent,us-gaap:OtherAssetsNoncurrent_2025-06-30,2025-06-30,xbrl
Fact000079,OtherAssetsNoncurrent,124000.0,USD,false,AsOf2024-12-31,0000923601,,,2024-12-31,us-gaap,OtherAssetsNoncurrent,us-gaap:OtherAssetsNoncurrent_2024-12-31,2024-12-31,xbrl
Fact000081,IntangibleAssetsNetExcludingGoodwill,315000.0,USD,false,AsOf2025-06-30,0000923601,,,2025-06-30,us-gaap,IntangibleAssetsNetExcludingGoodwill,us-gaap:IntangibleAssetsNetExcludingGoodwill_2025-06-30,2025-06-30,xbrl
Fact000082,IntangibleAssetsNetExcludingGoodwill,345000.0,USD,false,AsOf2024-12-31,0000923601,,,2024-12-31,us-gaap,IntangibleAssetsNetExcludingGoodwill,us-gaap:IntangibleAssetsNetExcludingGoodwill_2024-12-31,2024-12-31,xbrl
Fact000087,Assets,12695000.0,USD,false,AsOf2025-06-30,0000923601,,,2025-06-30,us-gaap,Assets,us-gaap:Assets_2025-06-30,2025-06-30,xbrl
Fact000088,Assets,18302000.0,USD,false,AsOf2024-12-31,0000923601,,,2024-12-31,us-gaap,Assets,us-gaap:Assets_2024-12-31,2024-12-31,xbrl
Fact000099,AccruedLiabilitiesCurrent,3295000.0,USD,false,AsOf2025-06-30,0000923601,,,2025-06-30,us-gaap,AccruedLiabilitiesCurrent,us-gaap:AccruedLiabilitiesCurrent_2025-06-30,2025-06-30,xbrl
Fact000100,AccruedLiabilitiesCurrent,4224000.0,USD,false,AsOf2024-12-31,0000923601,,,2024-12-31,us-gaap,AccruedLiabilitiesCurrent,us-gaap:AccruedLiabilitiesCurrent_2024-12-31,2024-12-31,xbrl
Fact000112,DerivativeLiabilitiesCurrent,16603000.0,USD,false,AsOf2024-12-31,0000923601,,,2024-12-31,us-gaap,DerivativeLiabilitiesCurrent,us-gaap:DerivativeLiabilitiesCurrent_2024-12-31,2024-12-31,xbrl
Fact000126,OtherLiabilitiesCurrent,62000.0,USD,false,AsOf2025-06-30,0000923601,,,2025-06-30,us-gaap,OtherLiabilitiesCurrent,us-gaap:OtherLiabilitiesCurrent_2025-06-30,2025-06-30,xbrl
Fact000127,OtherLiabilitiesCurrent,145000.0,USD,false,AsOf2024-12-31,0000923601,,,2024-12-31,us-gaap,OtherLiabilitiesCurrent,us-gaap:OtherLiabilitiesCurrent_2024-12-31,2024-12-31,xbrl
Fact000129,LiabilitiesCurrent,9250000.0,USD,false,AsOf2025-06-30,0000923601,,,2025-06-30,us-gaap,LiabilitiesCurrent,us-gaap:LiabilitiesCurrent_2025-06-30,2025-06-30,xbrl
Fact000130,LiabilitiesCurrent,28438000.0,USD,false,AsOf2024-12-31,0000923601,,,2024-12-31,us-gaap,LiabilitiesCurrent,us-gaap:LiabilitiesCurrent_2024-12-31,2024-12-31,xbrl
Fact000144,Liabilities,9885000.0,USD,false,AsOf2025-06-30,0000923601,,,2025-06-30,us-gaap,Liabilities,us-gaap:Liabilities_2025-06-30,2025-06-30,xbrl
Fact000145,Liabilities,28823000.0,USD,false,AsOf2024-12-31,0000923601,,,2024-12-31,us-gaap,Liabilities,us-gaap:Liabilities_2024-12-31,2024-12-31,xbrl
Fact000185,CommonStockSharesOutstanding,2514571.0,Shares,false,AsOf2025-06-30,0000923601,,,2025-06-30,us-gaap,CommonStockSharesOutstanding,us-gaap:CommonStockSharesOutstanding_2025-06-30,2025-06-30,xbrl
Fact000189,CommonStockSharesOutstanding,470825.0,Shares,false,AsOf2024-12-31,0000923601,,,2024-12-31,us-gaap,CommonStockSharesOutstanding,us-gaap:CommonStockSharesOutstanding_2024-12-31,2024-12-31,xbrl
Fact000194,RetainedEarningsAccumulatedDeficit,58948000.0,USD,false,AsOf2025-06-30,0000923601,,,2025-06-30,us-gaap,RetainedEarningsAccumulatedDeficit,us-gaap:RetainedEarningsAccumulatedDeficit_2025-06-30,2025-06-30,xbrl
Fact000195,RetainedEarningsAccumulatedDeficit,49172000.0,USD,false,AsOf2024-12-31,0000923601,,,2024-12-31,us-gaap,RetainedEarningsAccumulatedDeficit,us-gaap:RetainedEarningsAccumulatedDeficit_2024-12-31,2024-12-31,xbrl
Fact000207,StockholdersEquityIncludingPortionAttributableToNoncontrollingInterest,2810000.0,USD,false,AsOf2025-06-30,0000923601,,,2025-06-30,us-gaap,StockholdersEquityIncludingPortionAttributableToNoncontrollingInterest,us-gaap:StockholdersEquityIncludingPortionAttributableToNoncontrollingInterest_2025-06-30,2025-06-30,xbrl
Fact000208,StockholdersEquityIncludingPortionAttributableToNoncontrollingInterest,10521000.0,USD,false,AsOf2024-12-31,0000923601,,,2024-12-31,us-gaap,StockholdersEquityIncludingPortionAttributableToNoncontrollingInterest,us-gaap:StockholdersEquityIncludingPortionAttributableToNoncontrollingInterest_2024-12-31,2024-12-31,xbrl
Fact000210,LiabilitiesAndStockholdersEquity,12695000.0,USD,false,AsOf2025-06-30,0000923601,,,2025-06-30,us-gaap,LiabilitiesAndStockholdersEquity,us-gaap:LiabilitiesAndStockholdersEquity_2025-06-30,2025-06-30,xbrl
Fact000211,LiabilitiesAndStockholdersEquity,18302000.0,USD,false,AsOf2024-12-31,0000923601,,,2024-12-31,us-gaap,LiabilitiesAndStockholdersEquity,us-gaap:LiabilitiesAndStockholdersEquity_2024-12-31,2024-12-31,xbrl
Fact000213,RevenueFromContractWithCustomerExcludingAssessedTax,2716000.0,USD,false,From2025-04-012025-06-30,0000923601,2025-04-01,2025-06-30,,us-gaap,RevenueFromContractWithCustomerExcludingAssessedTax,us-gaap:RevenueFromContractWithCustomerExcludingAssessedTax_2025-06-30,2025-06-30,xbrl
Fact000214,RevenueFromContractWithCustomerExcludingAssessedTax,2440000.0,USD,false,From2024-04-012024-06-30,0000923601,2024-04-01,2024-06-30,,us-gaap,RevenueFromContractWithCustomerExcludingAssessedTax,us-gaap:RevenueFromContractWithCustomerExcludingAssessedTax_2024-06-30,2024-06-30,xbrl
Fact000215,RevenueFromContractWithCustomerExcludingAssessedTax,4709000.0,USD,false,From2025-01-01to2025-06-30,0000923601,2025-01-01,2025-06-30,,us-gaap,RevenueFromContractWithCustomerExcludingAssessedTax,us-gaap:RevenueFromContractWithCustomerExcludingAssessedTax_2025-06-30,2025-06-30,xbrl
Fact000216,RevenueFromContractWithCustomerExcludingAssessedTax,4866000.0,USD,false,From2024-01-012024-06-30,0000923601,2024-01-01,2024-06-30,,us-gaap,RevenueFromContractWithCustomerExcludingAssessedTax,us-gaap:RevenueFromContractWithCustomerExcludingAssessedTax_2024-06-30,2024-06-30,xbrl
Fact000218,CostOfGoodsAndServicesSold,1762000.0,USD,false,From2025-04-012025-06-30,0000923601,2025-04-01,2025-06-30,,us-gaap,CostOfGoodsAndServicesSold,us-gaap:CostOfGoodsAndServicesSold_2025-06-30,2025-06-30,xbrl
Fact000219,CostOfGoodsAndServicesSold,2116000.0,USD,false,From2024-04-012024-06-30,0000923601,2024-04-01,2024-06-30,,us-gaap,CostOfGoodsAndServicesSold,us-gaap:CostOfGoodsAndServicesSold_2024-06-30,2024-06-30,xbrl
Fact000220,CostOfGoodsAndServicesSold,3255000.0,USD,false,From2025-01-01to2025-06-30,0000923601,2025-01-01,2025-06-30,,us-gaap,CostOfGoodsAndServicesSold,us-gaap:CostOfGoodsAndServicesSold_2025-06-30,2025-06-30,xbrl
Fact000221,CostOfGoodsAndServicesSold,4040000.0,USD,false,From2024-01-012024-06-30,0000923601,2024-01-01,2024-06-30,,us-gaap,CostOfGoodsAndServicesSold,us-gaap:CostOfGoodsAndServicesSold_2024-06-30,2024-06-30,xbrl
Fact000223,GrossProfit,954000.0,USD,false,From2025-04-012025-06-30,0000923601,2025-04-01,2025-06-30,,us-gaap,GrossProfit,us-gaap:GrossProfit_2025-06-30,2025-06-30,xbrl
Fact000224,GrossProfit,324000.0,USD,false,From2024-04-012024-06-30,0000923601,2024-04-01,2024-06-30,,us-gaap,GrossProfit,us-gaap:GrossProfit_2024-06-30,2024-06-30,xbrl
Fact000225,GrossProfit,1454000.0,USD,false,From2025-01-01to2025-06-30,0000923601,2025-01-01,2025-06-30,,us-gaap,GrossProfit,us-gaap:GrossProfit_2025-06-30,2025-06-30,xbrl
Fact000226,GrossProfit,826000.0,USD,false,From2024-01-012024-06-30,0000923601,2024-01-01,2024-06-30,,us-gaap,GrossProfit,us-gaap:GrossProfit_2024-06-30,2024-06-30,xbrl
Fact000258,OperatingIncomeLoss,782000.0,USD,false,From2025-04-012025-06-30,0000923601,2025-04-01,2025-06-30,,us-gaap,OperatingIncomeLoss,us-gaap:OperatingIncomeLoss_2025-06-30,2025-06-30,xbrl
Fact000259,OperatingIncomeLoss,6154000.0,USD,false,From2024-04-012024-06-30,0000923601,2024-04-01,2024-06-30,,us-gaap,OperatingIncomeLoss,us-gaap:OperatingIncomeLoss_2024-06-30,2024-06-30,xbrl
Fact000260,OperatingIncomeLoss,3592000.0,USD,false,From2025-01-01to2025-06-30,0000923601,2025-01-01,2025-06-30,,us-gaap,OperatingIncomeLoss,us-gaap:OperatingIncomeLoss_2025-06-30,2025-06-30,xbrl
Fact000261,OperatingIncomeLoss,8441000.0,USD,false,From2024-01-012024-06-30,0000923601,2024-01-01,2024-06-30,,us-gaap,OperatingIncomeLoss,us-gaap:OperatingIncomeLoss_2024-06-30,2024-06-30,xbrl
Fact000288,NonoperatingIncomeExpense,27000.0,USD,false,From2025-04-012025-06-30,0000923601,2025-04-01,2025-06-30,,us-gaap,NonoperatingIncomeExpense,us-gaap:NonoperatingIncomeExpense_2025-06-30,2025-06-30,xbrl
Fact000289,NonoperatingIncomeExpense,17000.0,USD,false,From2024-04-012024-06-30,0000923601,2024-04-01,2024-06-30,,us-gaap,NonoperatingIncomeExpense,us-gaap:NonoperatingIncomeExpense_2024-06-30,2024-06-30,xbrl
Fact000290,NonoperatingIncomeExpense,6511000.0,USD,false,From2025-01-01to2025-06-30,0000923601,2025-01-01,2025-06-30,,us-gaap,NonoperatingIncomeExpense,us-gaap:NonoperatingIncomeExpense_2025-06-30,2025-06-30,xbrl
Fact000291,NonoperatingIncomeExpense,45000.0,USD,false,From2024-01-012024-06-30,0000923601,2024-01-01,2024-06-30,,us-gaap,NonoperatingIncomeExpense,us-gaap:NonoperatingIncomeExpense_2024-06-30,2024-06-30,xbrl
Fact000299,IncomeTaxExpenseBenefit,52000.0,USD,false,From2024-04-012024-06-30,0000923601,2024-04-01,2024-06-30,,us-gaap,IncomeTaxExpenseBenefit,us-gaap:IncomeTaxExpenseBenefit_2024-06-30,2024-06-30,xbrl
Fact000308,NetIncomeLossAttributableToNoncontrollingInterest,224000.0,USD,false,From2025-04-012025-06-30,0000923601,2025-04-01,2025-06-30,,us-gaap,NetIncomeLossAttributableToNoncontrollingInterest,us-gaap:NetIncomeLossAttributableToNoncontrollingInterest_2025-06-30,2025-06-30,xbrl
Fact000310,NetIncomeLossAttributableToNoncontrollingInterest,327000.0,USD,false,From2025-01-01to2025-06-30,0000923601,2025-01-01,2025-06-30,,us-gaap,NetIncomeLossAttributableToNoncontrollingInterest,us-gaap:NetIncomeLossAttributableToNoncontrollingInterest_2025-06-30,2025-06-30,xbrl
Fact000313,NetIncomeLossAvailableToCommonStockholdersBasic,585000.0,USD,false,From2025-04-012025-06-30,0000923601,2025-04-01,2025-06-30,,us-gaap,NetIncomeLossAvailableToCommonStockholdersBasic,us-gaap:NetIncomeLossAvailableToCommonStockholdersBasic_2025-06-30,2025-06-30,xbrl
Fact000314,NetIncomeLossAvailableToCommonStockholdersBasic,6119000.0,USD,false,From2024-04-012024-06-30,0000923601,2024-04-01,2024-06-30,,us-gaap,NetIncomeLossAvailableToCommonStockholdersBasic,us-gaap:NetIncomeLossAvailableToCommonStockholdersBasic_2024-06-30,2024-06-30,xbrl
Fact000315,NetIncomeLossAvailableToCommonStockholdersBasic,9776000.0,USD,false,From2025-01-01to2025-06-30,0000923601,2025-01-01,2025-06-30,,us-gaap,NetIncomeLossAvailableToCommonStockholdersBasic,us-gaap:NetIncomeLossAvailableToCommonStockholdersBasic_2025-06-30,2025-06-30,xbrl
Fact000316,NetIncomeLossAvailableToCommonStockholdersBasic,8486000.0,USD,false,From2024-01-012024-06-30,0000923601,2024-01-01,2024-06-30,,us-gaap,NetIncomeLossAvailableToCommonStockholdersBasic,us-gaap:NetIncomeLossAvailableToCommonStockholdersBasic_2024-06-30,2024-06-30,xbrl
Fact000318,EarningsPerShareBasic,0.24,USDPShares,false,From2025-04-012025-06-30,0000923601,2025-04-01,2025-06-30,,us-gaap,EarningsPerShareBasic,us-gaap:EarningsPerShareBasic_2025-06-30,2025-06-30,xbrl
Fact000320,EarningsPerShareDiluted,0.24,USDPShares,false,From2025-04-012025-06-30,0000923601,2025-04-01,2025-06-30,,us-gaap,EarningsPerShareDiluted,us-gaap:EarningsPerShareDiluted_2025-06-30,2025-06-30,xbrl
Fact000322,EarningsPerShareBasic,190.68,USDPShares,false,From2024-04-012024-06-30,0000923601,2024-04-01,2024-06-30,,us-gaap,EarningsPerShareBasic,us-gaap:EarningsPerShareBasic_2024-06-30,2024-06-30,xbrl
Fact000324,EarningsPerShareDiluted,190.68,USDPShares,false,From2024-04-012024-06-30,0000923601,2024-04-01,2024-06-30,,us-gaap,EarningsPerShareDiluted,us-gaap:EarningsPerShareDiluted_2024-06-30,2024-06-30,xbrl
Fact000326,EarningsPerShareBasic,4.4,USDPShares,false,From2025-01-01to2025-06-30,0000923601,2025-01-01,2025-06-30,,us-gaap,EarningsPerShareBasic,us-gaap:EarningsPerShareBasic_2025-06-30,2025-06-30,xbrl
Fact000328,EarningsPerShareDiluted,4.4,USDPShares,false,From2025-01-01to2025-06-30,0000923601,2025-01-01,2025-06-30,,us-gaap,EarningsPerShareDiluted,us-gaap:EarningsPerShareDiluted_2025-06-30,2025-06-30,xbrl
Fact000330,EarningsPerShareBasic,264.44,USDPShares,false,From2024-01-012024-06-30,0000923601,2024-01-01,2024-06-30,,us-gaap,EarningsPerShareBasic,us-gaap:EarningsPerShareBasic_2024-06-30,2024-06-30,xbrl
Fact000332,EarningsPerShareDiluted,264.44,USDPShares,false,From2024-01-012024-06-30,0000923601,2024-01-01,2024-06-30,,us-gaap,EarningsPerShareDiluted,us-gaap:EarningsPerShareDiluted_2024-06-30,2024-06-30,xbrl
Fact000334,WeightedAverageNumberOfSharesOutstandingBasic,2472464.0,Shares,false,From2025-04-012025-06-30,0000923601,2025-04-01,2025-06-30,,us-gaap,WeightedAverageNumberOfSharesOutstandingBasic,us-gaap:WeightedAverageNumberOfSharesOutstandingBasic_2025-06-30,2025-06-30,xbrl
Fact000336,WeightedAverageNumberOfDilutedSharesOutstanding,2472464.0,Shares,false,From2025-04-012025-06-30,0000923601,2025-04-01,2025-06-30,,us-gaap,WeightedAverageNumberOfDilutedSharesOutstanding,us-gaap:WeightedAverageNumberOfDilutedSharesOutstanding_2025-06-30,2025-06-30,xbrl
Fact000338,WeightedAverageNumberOfSharesOutstandingBasic,32090.0,Shares,false,From2024-04-012024-06-30,0000923601,2024-04-01,2024-06-30,,us-gaap,WeightedAverageNumberOfSharesOutstandingBasic,us-gaap:WeightedAverageNumberOfSharesOutstandingBasic_2024-06-30,2024-06-30,xbrl
Fact000340,WeightedAverageNumberOfDilutedSharesOutstanding,32090.0,Shares,false,From2024-04-012024-06-30,0000923601,2024-04-01,2024-06-30,,us-gaap,WeightedAverageNumberOfDilutedSharesOutstanding,us-gaap:WeightedAverageNumberOfDilutedSharesOutstanding_2024-06-30,2024-06-30,xbrl
Fact000342,WeightedAverageNumberOfSharesOutstandingBasic,2224047.0,Shares,false,From2025-01-01to2025-06-30,0000923601,2025-01-01,2025-06-30,,us-gaap,WeightedAverageNumberOfSharesOutstandingBasic,us-gaap:WeightedAverageNumberOfSharesOutstandingBasic_2025-06-30,2025-06-30,xbrl
Fact000344,WeightedAverageNumberOfDilutedSharesOutstanding,2224047.0,Shares,false,From2025-01-01to2025-06-30,0000923601,2025-01-01,2025-06-30,,us-gaap,WeightedAverageNumberOfDilutedSharesOutstanding,us-gaap:WeightedAverageNumberOfDilutedSharesOutstanding_2025-06-30,2025-06-30,xbrl
Fact000346,WeightedAverageNumberOfSharesOutstandingBasic,32090.0,Shares,false,From2024-01-012024-06-30,0000923601,2024-01-01,2024-06-30,,us-gaap,WeightedAverageNumberOfSharesOutstandingBasic,us-gaap:WeightedAverageNumberOfSharesOutstandingBasic_2024-06-30,2024-06-30,xbrl
Fact000348,WeightedAverageNumberOfDilutedSharesOutstanding,32090.0,Shares,false,From2024-01-012024-06-30,0000923601,2024-01-01,2024-06-30,,us-gaap,WeightedAverageNumberOfDilutedSharesOutstanding,us-gaap:WeightedAverageNumberOfDilutedSharesOutstanding_2024-06-30,2024-06-30,xbrl
Fact000357,SharesOutstanding,2394829.0,Shares,false,AsOf2025-03-31_us-gaap_CommonStockMember,0000923601,,,2025-03-31,us-gaap,SharesOutstanding,us-gaap:SharesOutstanding_2025-03-31,2025-03-31,xbrl
Fact000350,StockholdersEquityIncludingPortionAttributableToNoncontrollingInterest,24000.0,USD,false,AsOf2025-03-31_us-gaap_CommonStockMember,0000923601,,,2025-03-31,us-gaap,StockholdersEquityIncludingPortionAttributableToNoncontrollingInterest,us-gaap:StockholdersEquityIncludingPortionAttributableToNoncontrollingInterest_2025-03-31,2025-03-31,xbrl
Fact000367,StockGrantedDuringPeriodValueSharebasedCompensation,38000.0,USD,false,From2025-04-012025-06-30_us-gaap_AdditionalPaidInCapitalMember,0000923601,2025-04-01,2025-06-30,,us-gaap,StockGrantedDuringPeriodValueSharebasedCompensation,us-gaap:StockGrantedDuringPeriodValueSharebasedCompensation_2025-06-30,2025-06-30,xbrl
Fact000391,SharesOutstanding,2514571.0,Shares,false,AsOf2025-06-30_us-gaap_CommonStockMember,0000923601,,,2025-06-30,us-gaap,SharesOutstanding,us-gaap:SharesOutstanding_2025-06-30,2025-06-30,xbrl
Fact000400,SharesOutstanding,6418061.0,Shares,false,AsOf2024-03-31_us-gaap_CommonStockMember,0000923601,,,2024-03-31,us-gaap,SharesOutstanding,us-gaap:SharesOutstanding_2024-03-31,2024-03-31,xbrl
Fact000393,StockholdersEquityIncludingPortionAttributableToNoncontrollingInterest,64000.0,USD,false,AsOf2024-03-31_us-gaap_CommonStockMember,0000923601,,,2024-03-31,us-gaap,StockholdersEquityIncludingPortionAttributableToNoncontrollingInterest,us-gaap:StockholdersEquityIncludingPortionAttributableToNoncontrollingInterest_2024-03-31,2024-03-31,xbrl
Fact000410,StockGrantedDuringPeriodValueSharebasedCompensation,17000.0,USD,false,From2024-04-012024-06-30_us-gaap_AdditionalPaidInCapitalMember,0000923601,2024-04-01,2024-06-30,,us-gaap,StockGrantedDuringPeriodValueSharebasedCompensation,us-gaap:StockGrantedDuringPeriodValueSharebasedCompensation_2024-06-30,2024-06-30,xbrl
Fact000423,SharesOutstanding,6418061.0,Shares,false,AsOf2024-06-30_us-gaap_CommonStockMember,0000923601,,,2024-06-30,us-gaap,SharesOutstanding,us-gaap:SharesOutstanding_2024-06-30,2024-06-30,xbrl
Fact000416,StockholdersEquityIncludingPortionAttributableToNoncontrollingInterest,64000.0,USD,false,AsOf2024-06-30_us-gaap_CommonStockMember,0000923601,,,2024-06-30,us-gaap,StockholdersEquityIncludingPortionAttributableToNoncontrollingInterest,us-gaap:StockholdersEquityIncludingPortionAttributableToNoncontrollingInterest_2024-06-30,2024-06-30,xbrl
Fact000432,SharesOutstanding,470825.0,Shares,false,AsOf2024-12-31_us-gaap_CommonStockMember,0000923601,,,2024-12-31,us-gaap,SharesOutstanding,us-gaap:SharesOutstanding_2024-12-31,2024-12-31,xbrl
Fact000457,StockIssuedDuringPeriodSharesShareBasedCompensation,23818.0,Shares,false,From2025-01-012025-06-30_us-gaap_CommonStockMember,0000923601,2025-01-01,2025-06-30,,us-gaap,StockIssuedDuringPeriodSharesShareBasedCompensation,us-gaap:StockIssuedDuringPeriodSharesShareBasedCompensation_2025-06-30,2025-06-30,xbrl
Fact000451,StockGrantedDuringPeriodValueSharebasedCompensation,47000.0,USD,false,From2025-01-012025-06-30_us-gaap_AdditionalPaidInCapitalMember,0000923601,2025-01-01,2025-06-30,,us-gaap,StockGrantedDuringPeriodValueSharebasedCompensation,us-gaap:StockGrantedDuringPeriodValueSharebasedCompensation_2025-06-30,2025-06-30,xbrl
Fact000518,SharesOutstanding,6418061.0,Shares,false,AsOf2023-12-31_us-gaap_CommonStockMember,0000923601,,,2023-12-31,us-gaap,SharesOutstanding,us-gaap:SharesOutstanding_2023-12-31,2023-12-31,xbrl
Fact000511,StockholdersEquityIncludingPortionAttributableToNoncontrollingInterest,64000.0,USD,false,AsOf2023-12-31_us-gaap_CommonStockMember,0000923601,,,2023-12-31,us-gaap,StockholdersEquityIncludingPortionAttributableToNoncontrollingInterest,us-gaap:StockholdersEquityIncludingPortionAttributableToNoncontrollingInterest_2023-12-31,2023-12-31,xbrl
Fact000544,StockGrantedDuringPeriodValueSharebasedCompensation,36000.0,USD,false,From2024-01-012024-06-30_us-gaap_AdditionalPaidInCapitalMember,0000923601,2024-01-01,2024-06-30,,us-gaap,StockGrantedDuringPeriodValueSharebasedCompensation,us-gaap:StockGrantedDuringPeriodValueSharebasedCompensation_2024-06-30,2024-06-30,xbrl
Fact000577,DepreciationAndAmortization,96000.0,USD,false,From2025-01-01to2025-06-30,0000923601,2025-01-01,2025-06-30,,us-gaap,DepreciationAndAmortization,us-gaap:DepreciationAndAmortization_2025-06-30,2025-06-30,xbrl
Fact000578,DepreciationAndAmortization,125000.0,USD,false,From2024-01-012024-06-30,0000923601,2024-01-01,2024-06-30,,us-gaap,DepreciationAndAmortization,us-gaap:DepreciationAndAmortization_2024-06-30,2024-06-30,xbrl
Fact000607,InventoryWriteDown,4000.0,USD,false,From2025-01-01to2025-06-30,0000923601,2025-01-01,2025-06-30,,us-gaap,InventoryWriteDown,us-gaap:InventoryWriteDown_2025-06-30,2025-06-30,xbrl
Fact000625,ShareBasedCompensation,47000.0,USD,false,From2025-01-01to2025-06-30,0000923601,2025-01-01,2025-06-30,,us-gaap,ShareBasedCompensation,us-gaap:ShareBasedCompensation_2025-06-30,2025-06-30,xbrl
Fact000626,ShareBasedCompensation,36000.0,USD,false,From2024-01-012024-06-30,0000923601,2024-01-01,2024-06-30,,us-gaap,ShareBasedCompensation,us-gaap:ShareBasedCompensation_2024-06-30,2024-06-30,xbrl
Fact000634,IncreaseDecreaseInAccountsReceivable,2372000.0,USD,false,From2025-01-01to2025-06-30,0000923601,2025-01-01,2025-06-30,,us-gaap,IncreaseDecreaseInAccountsReceivable,us-gaap:IncreaseDecreaseInAccountsReceivable_2025-06-30,2025-06-30,xbrl
Fact000635,IncreaseDecreaseInAccountsReceivable,4945000.0,USD,false,From2024-01-012024-06-30,0000923601,2024-01-01,2024-06-30,,us-gaap,IncreaseDecreaseInAccountsReceivable,us-gaap:IncreaseDecreaseInAccountsReceivable_2024-06-30,2024-06-30,xbrl
Fact000640,IncreaseDecreaseInAccountsReceivableRelatedParties,88000.0,USD,false,From2025-01-01to2025-06-30,0000923601,2025-01-01,2025-06-30,,us-gaap,IncreaseDecreaseInAccountsReceivableRelatedParties,us-gaap:IncreaseDecreaseInAccountsReceivableRelatedParties_2025-06-30,2025-06-30,xbrl
Fact000641,IncreaseDecreaseInAccountsReceivableRelatedParties,145000.0,USD,false,From2024-01-012024-06-30,0000923601,2024-01-01,2024-06-30,,us-gaap,IncreaseDecreaseInAccountsReceivableRelatedParties,us-gaap:IncreaseDecreaseInAccountsReceivableRelatedParties_2024-06-30,2024-06-30,xbrl
Fact000646,IncreaseDecreaseInPrepaidDeferredExpenseAndOtherAssets,722000.0,USD,false,From2025-01-01to2025-06-30,0000923601,2025-01-01,2025-06-30,,us-gaap,IncreaseDecreaseInPrepaidDeferredExpenseAndOtherAssets,us-gaap:IncreaseDecreaseInPrepaidDeferredExpenseAndOtherAssets_2025-06-30,2025-06-30,xbrl
Fact000647,IncreaseDecreaseInPrepaidDeferredExpenseAndOtherAssets,69000.0,USD,false,From2024-01-012024-06-30,0000923601,2024-01-01,2024-06-30,,us-gaap,IncreaseDecreaseInPrepaidDeferredExpenseAndOtherAssets,us-gaap:IncreaseDecreaseInPrepaidDeferredExpenseAndOtherAssets_2024-06-30,2024-06-30,xbrl
Fact000649,IncreaseDecreaseInOtherNoncurrentAssets,523000.0,USD,false,From2025-01-01to2025-06-30,0000923601,2025-01-01,2025-06-30,,us-gaap,IncreaseDecreaseInOtherNoncurrentAssets,us-gaap:IncreaseDecreaseInOtherNoncurrentAssets_2025-06-30,2025-06-30,xbrl
Fact000650,IncreaseDecreaseInOtherNoncurrentAssets,64000.0,USD,false,From2024-01-012024-06-30,0000923601,2024-01-01,2024-06-30,,us-gaap,IncreaseDecreaseInOtherNoncurrentAssets,us-gaap:IncreaseDecreaseInOtherNoncurrentAssets_2024-06-30,2024-06-30,xbrl
Fact000655,IncreaseDecreaseInAccruedLiabilities,1147000.0,USD,false,From2025-01-01to2025-06-30,0000923601,2025-01-01,2025-06-30,,us-gaap,IncreaseDecreaseInAccruedLiabilities,us-gaap:IncreaseDecreaseInAccruedLiabilities_2025-06-30,2025-06-30,xbrl
Fact000656,IncreaseDecreaseInAccruedLiabilities,771000.0,USD,false,From2024-01-012024-06-30,0000923601,2024-01-01,2024-06-30,,us-gaap,IncreaseDecreaseInAccruedLiabilities,us-gaap:IncreaseDecreaseInAccruedLiabilities_2024-06-30,2024-06-30,xbrl
Fact000667,IncreaseDecreaseInOtherCurrentLiabilities,83000.0,USD,false,From2025-01-01to2025-06-30,0000923601,2025-01-01,2025-06-30,,us-gaap,IncreaseDecreaseInOtherCurrentLiabilities,us-gaap:IncreaseDecreaseInOtherCurrentLiabilities_2025-06-30,2025-06-30,xbrl
Fact000668,IncreaseDecreaseInOtherCurrentLiabilities,281000.0,USD,false,From2024-01-012024-06-30,0000923601,2024-01-01,2024-06-30,,us-gaap,IncreaseDecreaseInOtherCurrentLiabilities,us-gaap:IncreaseDecreaseInOtherCurrentLiabilities_2024-06-30,2024-06-30,xbrl
Fact000670,NetCashProvidedByUsedInOperatingActivities,5436000.0,USD,false,From2025-01-01to2025-06-30,0000923601,2025-01-01,2025-06-30,,us-gaap,NetCashProvidedByUsedInOperatingActivities,us-gaap:NetCashProvidedByUsedInOperatingActivities_2025-06-30,2025-06-30,xbrl
Fact000671,NetCashProvidedByUsedInOperatingActivities,5410000.0,USD,false,From2024-01-012024-06-30,0000923601,2024-01-01,2024-06-30,,us-gaap,NetCashProvidedByUsedInOperatingActivities,us-gaap:NetCashProvidedByUsedInOperatingActivities_2024-06-30,2024-06-30,xbrl
Fact000691,CashAcquiredFromAcquisition,593000.0,USD,false,From2025-01-01to2025-06-30,0000923601,2025-01-01,2025-06-30,,us-gaap,CashAcquiredFromAcquisition,us-gaap:CashAcquiredFromAcquisition_2025-06-30,2025-06-30,xbrl
Fact000697,NetCashProvidedByUsedInInvestingActivities,1359000.0,USD,false,From2025-01-01to2025-06-30,0000923601,2025-01-01,2025-06-30,,us-gaap,NetCashProvidedByUsedInInvestingActivities,us-gaap:NetCashProvidedByUsedInInvestingActivities_2025-06-30,2025-06-30,xbrl
Fact000698,NetCashProvidedByUsedInInvestingActivities,6000.0,USD,false,From2024-01-012024-06-30,0000923601,2024-01-01,2024-06-30,,us-gaap,NetCashProvidedByUsedInInvestingActivities,us-gaap:NetCashProvidedByUsedInInvestingActivities_2024-06-30,2024-06-30,xbrl
Fact000724,NetCashProvidedByUsedInFinancingActivities,379000.0,USD,false,From2025-01-01to2025-06-30,0000923601,2025-01-01,2025-06-30,,us-gaap,NetCashProvidedByUsedInFinancingActivities,us-gaap:NetCashProvidedByUsedInFinancingActivities_2025-06-30,2025-06-30,xbrl
Fact000725,NetCashProvidedByUsedInFinancingActivities,42000.0,USD,false,From2024-01-012024-06-30,0000923601,2024-01-01,2024-06-30,,us-gaap,NetCashProvidedByUsedInFinancingActivities,us-gaap:NetCashProvidedByUsedInFinancingActivities_2024-06-30,2024-06-30,xbrl
Fact000727,CashCashEquivalentsRestrictedCashAndRestrictedCashEquivalentsPeriodIncreaseDecreaseIncludingExchangeRateEffect,6416000.0,USD,false,From2025-01-01to2025-06-30,0000923601,2025-01-01,2025-06-30,,us-gaap,CashCashEquivalentsRestrictedCashAndRestrictedCashEquivalentsPeriodIncreaseDecreaseIncludingExchangeRateEffect,us-gaap:CashCashEquivalentsRestrictedCashAndRestrictedCashEquivalentsPeriodIncreaseDecreaseIncludingExchangeRateEffect_2025-06-30,2025-06-30,xbrl
Fact000728,CashCashEquivalentsRestrictedCashAndRestrictedCashEquivalentsPeriodIncreaseDecreaseIncludingExchangeRateEffect,5458000.0,USD,false,From2024-01-012024-06-30,0000923601,2024-01-01,2024-06-30,,us-gaap,CashCashEquivalentsRestrictedCashAndRestrictedCashEquivalentsPeriodIncreaseDecreaseIncludingExchangeRateEffect,us-gaap:CashCashEquivalentsRestrictedCashAndRestrictedCashEquivalentsPeriodIncreaseDecreaseIncludingExchangeRateEffect_2024-06-30,2024-06-30,xbrl
Fact000730,CashCashEquivalentsRestrictedCashAndRestrictedCashEquivalentsIncludingDisposalGroupAndDiscontinuedOperations,7550000.0,USD,false,AsOf2024-12-31,0000923601,,,2024-12-31,us-gaap,CashCashEquivalentsRestrictedCashAndRestrictedCashEquivalentsIncludingDisposalGroupAndDiscontinuedOperations,us-gaap:CashCashEquivalentsRestrictedCashAndRestrictedCashEquivalentsIncludingDisposalGroupAndDiscontinuedOperations_2024-12-31,2024-12-31,xbrl
Fact000731,CashCashEquivalentsRestrictedCashAndRestrictedCashEquivalentsIncludingDisposalGroupAndDiscontinuedOperations,6703000.0,USD,false,AsOf2023-12-31,0000923601,,,2023-12-31,us-gaap,CashCashEquivalentsRestrictedCashAndRestrictedCashEquivalentsIncludingDisposalGroupAndDiscontinuedOperations,us-gaap:CashCashEquivalentsRestrictedCashAndRestrictedCashEquivalentsIncludingDisposalGroupAndDiscontinuedOperations_2023-12-31,2023-12-31,xbrl
Fact000733,CashCashEquivalentsRestrictedCashAndRestrictedCashEquivalentsIncludingDisposalGroupAndDiscontinuedOperations,1134000.0,USD,false,AsOf2025-06-30,0000923601,,,2025-06-30,us-gaap,CashCashEquivalentsRestrictedCashAndRestrictedCashEquivalentsIncludingDisposalGroupAndDiscontinuedOperations,us-gaap:CashCashEquivalentsRestrictedCashAndRestrictedCashEquivalentsIncludingDisposalGroupAndDiscontinuedOperations_2025-06-30,2025-06-30,xbrl
Fact000734,CashCashEquivalentsRestrictedCashAndRestrictedCashEquivalentsIncludingDisposalGroupAndDiscontinuedOperations,1245000.0,USD,false,AsOf2024-06-30,0000923601,,,2024-06-30,us-gaap,CashCashEquivalentsRestrictedCashAndRestrictedCashEquivalentsIncludingDisposalGroupAndDiscontinuedOperations,us-gaap:CashCashEquivalentsRestrictedCashAndRestrictedCashEquivalentsIncludingDisposalGroupAndDiscontinuedOperations_2024-06-30,2024-06-30,xbrl
Fact000770,NoncashOrPartNoncashAcquisitionNoncashFinancialOrEquityInstrumentConsiderationSharesIssued1,119742.0,Shares,false,From2025-05-022025-05-02_custom_SemiCabIncMember_custom_EquityPurchaseAgreementMember,0000923601,2025-05-02,2025-05-02,,us-gaap,NoncashOrPartNoncashAcquisitionNoncashFinancialOrEquityInstrumentConsiderationSharesIssued1,us-gaap:NoncashOrPartNoncashAcquisitionNoncashFinancialOrEquityInstrumentConsiderationSharesIssued1_2025-05-02,2025-05-02,xbrl
Fact000844,OtherFiniteLivedIntangibleAssetsGross,325000.0,USD,false,AsOf2025-06-30,0000923601,,,2025-06-30,us-gaap,OtherFiniteLivedIntangibleAssetsGross,us-gaap:OtherFiniteLivedIntangibleAssetsGross_2025-06-30,2025-06-30,xbrl
Fact000845,OtherFiniteLivedIntangibleAssetsGross,325000.0,USD,false,AsOf2024-12-31,0000923601,,,2024-12-31,us-gaap,OtherFiniteLivedIntangibleAssetsGross,us-gaap:OtherFiniteLivedIntangibleAssetsGross_2024-12-31,2024-12-31,xbrl
Fact000851,FiniteLivedIntangibleAssetsGross,375000.0,USD,false,AsOf2025-06-30,0000923601,,,2025-06-30,us-gaap,FiniteLivedIntangibleAssetsGross,us-gaap:FiniteLivedIntangibleAssetsGross_2025-06-30,2025-06-30,xbrl
Fact000852,FiniteLivedIntangibleAssetsGross,375000.0,USD,false,AsOf2024-12-31,0000923601,,,2024-12-31,us-gaap,FiniteLivedIntangibleAssetsGross,us-gaap:FiniteLivedIntangibleAssetsGross_2024-12-31,2024-12-31,xbrl
Fact000854,FiniteLivedIntangibleAssetsAccumulatedAmortization,60000.0,USD,false,AsOf2025-06-30,0000923601,,,2025-06-30,us-gaap,FiniteLivedIntangibleAssetsAccumulatedAmortization,us-gaap:FiniteLivedIntangibleAssetsAccumulatedAmortization_2025-06-30,2025-06-30,xbrl
Fact000855,FiniteLivedIntangibleAssetsAccumulatedAmortization,30000.0,USD,false,AsOf2024-12-31,0000923601,,,2024-12-31,us-gaap,FiniteLivedIntangibleAssetsAccumulatedAmortization,us-gaap:FiniteLivedIntangibleAssetsAccumulatedAmortization_2024-12-31,2024-12-31,xbrl
Fact000860,OtherDepreciationAndAmortization,17000.0,USD,false,From2025-04-012025-06-30,0000923601,2025-04-01,2025-06-30,,us-gaap,OtherDepreciationAndAmortization,us-gaap:OtherDepreciationAndAmortization_2025-06-30,2025-06-30,xbrl
Fact000862,OtherDepreciationAndAmortization,32000.0,USD,false,From2025-01-01to2025-06-30,0000923601,2025-01-01,2025-06-30,,us-gaap,OtherDepreciationAndAmortization,us-gaap:OtherDepreciationAndAmortization_2025-06-30,2025-06-30,xbrl
Fact000878,InterestExpense,15000.0,USD,false,From2025-04-012025-06-30_us-gaap_RelatedPartyMember,0000923601,2025-04-01,2025-06-30,,us-gaap,InterestExpense,us-gaap:InterestExpense_2025-06-30,2025-06-30,xbrl
Fact000880,InterestExpense,31000.0,USD,false,From2025-01-012025-06-30_us-gaap_RelatedPartyMember,0000923601,2025-01-01,2025-06-30,,us-gaap,InterestExpense,us-gaap:InterestExpense_2025-06-30,2025-06-30,xbrl
Fact000973,AccruedLiabilitiesCurrentAndNoncurrent,325000.0,USD,false,AsOf2024-12-31,0000923601,,,2024-12-31,us-gaap,AccruedLiabilitiesCurrentAndNoncurrent,us-gaap:AccruedLiabilitiesCurrentAndNoncurrent_2024-12-31,2024-12-31,xbrl
Fact001001,AccruedLiabilitiesCurrentAndNoncurrent,509119.0,USD,false,AsOf2025-06-30_custom_BlueYonderIncMember,0000923601,,,2025-06-30,us-gaap,AccruedLiabilitiesCurrentAndNoncurrent,us-gaap:AccruedLiabilitiesCurrentAndNoncurrent_2025-06-30,2025-06-30,xbrl
Fact001007,ShareBasedCompensationArrangementByShareBasedPaymentAwardNumberOfSharesAuthorized,1667.0,Shares,false,AsOf2025-06-30_custom_TwoThousandTwentyTwoPlanMember,0000923601,,,2025-06-30,us-gaap,ShareBasedCompensationArrangementByShareBasedPaymentAwardNumberOfSharesAuthorized,us-gaap:ShareBasedCompensationArrangementByShareBasedPaymentAwardNumberOfSharesAuthorized_2025-06-30,2025-06-30,xbrl
Fact001009,ShareBasedCompensationArrangementByShareBasedPaymentAwardSharesIssuedInPeriod,1183.0,Shares,false,From2025-01-012025-06-30_custom_TwoThousandTwentyTwoPlanMember,0000923601,2025-01-01,2025-06-30,,us-gaap,ShareBasedCompensationArrangementByShareBasedPaymentAwardSharesIssuedInPeriod,us-gaap:ShareBasedCompensationArrangementByShareBasedPaymentAwardSharesIssuedInPeriod_2025-06-30,2025-06-30,xbrl
Fact001011,ShareBasedCompensationArrangementByShareBasedPaymentAwardNumberOfSharesAvailableForGrant,484.0,Shares,false,AsOf2025-06-30_custom_TwoThousandTwentyTwoPlanMember,0000923601,,,2025-06-30,us-gaap,ShareBasedCompensationArrangementByShareBasedPaymentAwardNumberOfSharesAvailableForGrant,us-gaap:ShareBasedCompensationArrangementByShareBasedPaymentAwardNumberOfSharesAvailableForGrant_2025-06-30,2025-06-30,xbrl
Fact001013,EmployeeServiceShareBasedCompensationNonvestedAwardsTotalCompensationCostNotYetRecognizedStockOptions,60000.0,USD,false,AsOf2025-06-30,0000923601,,,2025-06-30,us-gaap,EmployeeServiceShareBasedCompensationNonvestedAwardsTotalCompensationCostNotYetRecognizedStockOptions,us-gaap:EmployeeServiceShareBasedCompensationNonvestedAwardsTotalCompensationCostNotYetRecognizedStockOptions_2025-06-30,2025-06-30,xbrl
Fact001073,AntidilutiveSecuritiesExcludedFromComputationOfEarningsPerShareAmount,484.0,Shares,false,From2025-04-012025-06-30_us-gaap_EmployeeStockOptionMember,0000923601,2025-04-01,2025-06-30,,us-gaap,AntidilutiveSecuritiesExcludedFromComputationOfEarningsPerShareAmount,us-gaap:AntidilutiveSecuritiesExcludedFromComputationOfEarningsPerShareAmount_2025-06-30,2025-06-30,xbrl
Fact001075,AntidilutiveSecuritiesExcludedFromComputationOfEarningsPerShareAmount,484.0,Shares,false,From2025-01-012025-06-30_us-gaap_EmployeeStockOptionMember,0000923601,2025-01-01,2025-06-30,,us-gaap,AntidilutiveSecuritiesExcludedFromComputationOfEarningsPerShareAmount,us-gaap:AntidilutiveSecuritiesExcludedFromComputationOfEarningsPerShareAmount_2025-06-30,2025-06-30,xbrl
Fact001081,AntidilutiveSecuritiesExcludedFromComputationOfEarningsPerShareAmount,543.0,Shares,false,From2024-04-012024-06-30_us-gaap_EmployeeStockOptionMember,0000923601,2024-04-01,2024-06-30,,us-gaap,AntidilutiveSecuritiesExcludedFromComputationOfEarningsPerShareAmount,us-gaap:AntidilutiveSecuritiesExcludedFromComputationOfEarningsPerShareAmount_2024-06-30,2024-06-30,xbrl
Fact001083,AntidilutiveSecuritiesExcludedFromComputationOfEarningsPerShareAmount,543.0,Shares,false,From2024-01-012024-06-30_us-gaap_EmployeeStockOptionMember,0000923601,2024-01-01,2024-06-30,,us-gaap,AntidilutiveSecuritiesExcludedFromComputationOfEarningsPerShareAmount,us-gaap:AntidilutiveSecuritiesExcludedFromComputationOfEarningsPerShareAmount_2024-06-30,2024-06-30,xbrl
Fact001132,InterestExpenseLongTermDebt,11000.0,USD,false,From2025-06-172025-06-17_custom_SecuritiesPurchaseAgreementMember_custom_ThousandEightHundredDiagonalLendingLLCMember,0000923601,2025-06-17,2025-06-17,,us-gaap,InterestExpenseLongTermDebt,us-gaap:InterestExpenseLongTermDebt_2025-06-17,2025-06-17,xbrl
Fact001276,IncomeTaxExpenseBenefit,52000.0,USD,false,From2025-04-012025-06-30_us-gaap_DomesticCountryMember,0000923601,2025-04-01,2025-06-30,,us-gaap,IncomeTaxExpenseBenefit,us-gaap:IncomeTaxExpenseBenefit_2025-06-30,2025-06-30,xbrl
Fact001278,IncomeTaxExpenseBenefit,52000.0,USD,false,From2025-01-012025-06-30_us-gaap_DomesticCountryMember,0000923601,2025-01-01,2025-06-30,,us-gaap,IncomeTaxExpenseBenefit,us-gaap:IncomeTaxExpenseBenefit_2025-06-30,2025-06-30,xbrl
Fact001284,Revenues,1564000.0,USD,false,From2025-04-012025-06-30_us-gaap_OperatingSegmentsMember_custom_SingingMachineMember,0000923601,2025-04-01,2025-06-30,,us-gaap,Revenues,us-gaap:Revenues_2025-06-30,2025-06-30,xbrl
Fact001287,Revenues,2440000.0,USD,false,From2024-04-012024-06-30_us-gaap_OperatingSegmentsMember_custom_SingingMachineMember,0000923601,2024-04-01,2024-06-30,,us-gaap,Revenues,us-gaap:Revenues_2024-06-30,2024-06-30,xbrl
Fact001290,Revenues,3434000.0,USD,false,From2025-01-012025-06-30_us-gaap_OperatingSegmentsMember_custom_SingingMachineMember,0000923601,2025-01-01,2025-06-30,,us-gaap,Revenues,us-gaap:Revenues_2025-06-30,2025-06-30,xbrl
Fact001293,Revenues,4866000.0,USD,false,From2024-01-012024-06-30_us-gaap_OperatingSegmentsMember_custom_SingingMachineMember,0000923601,2024-01-01,2024-06-30,,us-gaap,Revenues,us-gaap:Revenues_2024-06-30,2024-06-30,xbrl
Fact001297,CostOfRevenue,270000.0,USD,false,From2025-04-012025-06-30_us-gaap_OperatingSegmentsMember_custom_SingingMachineMember,0000923601,2025-04-01,2025-06-30,,us-gaap,CostOfRevenue,us-gaap:CostOfRevenue_2025-06-30,2025-06-30,xbrl
Fact001300,CostOfRevenue,2116000.0,USD,false,From2024-04-012024-06-30_us-gaap_OperatingSegmentsMember_custom_SingingMachineMember,0000923601,2024-04-01,2024-06-30,,us-gaap,CostOfRevenue,us-gaap:CostOfRevenue_2024-06-30,2024-06-30,xbrl
Fact001303,CostOfRevenue,1634000.0,USD,false,From2025-01-012025-06-30_us-gaap_OperatingSegmentsMember_custom_SingingMachineMember,0000923601,2025-01-01,2025-06-30,,us-gaap,CostOfRevenue,us-gaap:CostOfRevenue_2025-06-30,2025-06-30,xbrl
Fact001306,CostOfRevenue,4040000.0,USD,false,From2024-01-012024-06-30_us-gaap_OperatingSegmentsMember_custom_SingingMachineMember,0000923601,2024-01-01,2024-06-30,,us-gaap,CostOfRevenue,us-gaap:CostOfRevenue_2024-06-30,2024-06-30,xbrl
Fact001336,DepreciationAndAmortization,28000.0,USD,false,From2025-04-012025-06-30_us-gaap_OperatingSegmentsMember_custom_SingingMachineMember,0000923601,2025-04-01,2025-06-30,,us-gaap,DepreciationAndAmortization,us-gaap:DepreciationAndAmortization_2025-06-30,2025-06-30,xbrl
Fact001339,DepreciationAndAmortization,54000.0,USD,false,From2024-04-012024-06-30_us-gaap_OperatingSegmentsMember_custom_SingingMachineMember,0000923601,2024-04-01,2024-06-30,,us-gaap,DepreciationAndAmortization,us-gaap:DepreciationAndAmortization_2024-06-30,2024-06-30,xbrl
Fact001362,ShareBasedCompensation,38000.0,USD,false,From2025-04-012025-06-30_us-gaap_OperatingSegmentsMember_custom_SingingMachineMember,0000923601,2025-04-01,2025-06-30,,us-gaap,ShareBasedCompensation,us-gaap:ShareBasedCompensation_2025-06-30,2025-06-30,xbrl
Fact001365,ShareBasedCompensation,17000.0,USD,false,From2024-04-012024-06-30_us-gaap_OperatingSegmentsMember_custom_SingingMachineMember,0000923601,2024-04-01,2024-06-30,,us-gaap,ShareBasedCompensation,us-gaap:ShareBasedCompensation_2024-06-30,2024-06-30,xbrl
Fact001417,InterestExpense,17000.0,USD,false,From2024-04-012024-06-30_us-gaap_OperatingSegmentsMember_custom_SingingMachineMember,0000923601,2024-04-01,2024-06-30,,us-gaap,InterestExpense,us-gaap:InterestExpense_2024-06-30,2024-06-30,xbrl
Fact001423,InterestExpense,45000.0,USD,false,From2024-01-012024-06-30_us-gaap_OperatingSegmentsMember_custom_SingingMachineMember,0000923601,2024-01-01,2024-06-30,,us-gaap,InterestExpense,us-gaap:InterestExpense_2024-06-30,2024-06-30,xbrl
Fact001453,NetIncomeLoss,310000.0,USD,false,From2025-04-012025-06-30_us-gaap_OperatingSegmentsMember_custom_SingingMachineMember,0000923601,2025-04-01,2025-06-30,,us-gaap,NetIncomeLoss,us-gaap:NetIncomeLoss_2025-06-30,2025-06-30,xbrl
Fact001456,NetIncomeLoss,6119000.0,USD,false,From2024-04-012024-06-30_us-gaap_OperatingSegmentsMember_custom_SingingMachineMember,0000923601,2024-04-01,2024-06-30,,us-gaap,NetIncomeLoss,us-gaap:NetIncomeLoss_2024-06-30,2024-06-30,xbrl
Fact001459,NetIncomeLoss,8467000.0,USD,false,From2025-01-012025-06-30_us-gaap_OperatingSegmentsMember_custom_SingingMachineMember,0000923601,2025-01-01,2025-06-30,,us-gaap,NetIncomeLoss,us-gaap:NetIncomeLoss_2025-06-30,2025-06-30,xbrl
Fact001462,NetIncomeLoss,8486000.0,USD,false,From2024-01-012024-06-30_us-gaap_OperatingSegmentsMember_custom_SingingMachineMember,0000923601,2024-01-01,2024-06-30,,us-gaap,NetIncomeLoss,us-gaap:NetIncomeLoss_2024-06-30,2024-06-30,xbrl
Fact001472,Assets,12367000.0,USD,false,AsOf2024-06-30_us-gaap_OperatingSegmentsMember_custom_SingingMachineMember,0000923601,,,2024-06-30,us-gaap,Assets,us-gaap:Assets_2024-06-30,2024-06-30,xbrl
Fact001669,BusinessCombinationRecognizedIdentifiableAssetsAcquiredAndLiabilitiesAssumedNoncurrentLiabilitiesLongTermDebt,2008000.0,USD,false,AsOf2025-05-02_custom_SMCBAcquisitionMember,0000923601,,,2025-05-02,us-gaap,BusinessCombinationRecognizedIdentifiableAssetsAcquiredAndLiabilitiesAssumedNoncurrentLiabilitiesLongTermDebt,us-gaap:BusinessCombinationRecognizedIdentifiableAssetsAcquiredAndLiabilitiesAssumedNoncurrentLiabilitiesLongTermDebt_2025-05-02,2025-05-02,xbrl
Fact001673,BusinessCombinationRecognizedIdentifiableAssetsAcquiredAndLiabilitiesAssumedCashAndEquivalents,593000.0,USD,false,AsOf2025-05-02_custom_SMCBAcquisitionMember,0000923601,,,2025-05-02,us-gaap,BusinessCombinationRecognizedIdentifiableAssetsAcquiredAndLiabilitiesAssumedCashAndEquivalents,us-gaap:BusinessCombinationRecognizedIdentifiableAssetsAcquiredAndLiabilitiesAssumedCashAndEquivalents_2025-05-02,2025-05-02,xbrl
Fact001675,BusinessCombinationRecognizedIdentifiableAssetsAcquiredAndLiabilitiesAssumedCurrentAssetsReceivables,319000.0,USD,false,AsOf2025-05-02_custom_SMCBAcquisitionMember,0000923601,,,2025-05-02,us-gaap,BusinessCombinationRecognizedIdentifiableAssetsAcquiredAndLiabilitiesAssumedCurrentAssetsReceivables,us-gaap:BusinessCombinationRecognizedIdentifiableAssetsAcquiredAndLiabilitiesAssumedCurrentAssetsReceivables_2025-05-02,2025-05-02,xbrl
Fact001677,BusinessCombinationRecognizedIdentifiableAssetsAcquiredAndLiabilitiesAssumedCurrentAssetsPrepaidExpenseAndOtherAssets,377000.0,USD,false,AsOf2025-05-02_custom_SMCBAcquisitionMember,0000923601,,,2025-05-02,us-gaap,BusinessCombinationRecognizedIdentifiableAssetsAcquiredAndLiabilitiesAssumedCurrentAssetsPrepaidExpenseAndOtherAssets,us-gaap:BusinessCombinationRecognizedIdentifiableAssetsAcquiredAndLiabilitiesAssumedCurrentAssetsPrepaidExpenseAndOtherAssets_2025-05-02,2025-05-02,xbrl
Fact001679,BusinessCombinationRecognizedIdentifiableAssetsAcquiredAndLiabilitiesAssumedPropertyPlantAndEquipment,11000.0,USD,false,AsOf2025-05-02_custom_SMCBAcquisitionMember,0000923601,,,2025-05-02,us-gaap,BusinessCombinationRecognizedIdentifiableAssetsAcquiredAndLiabilitiesAssumedPropertyPlantAndEquipment,us-gaap:BusinessCombinationRecognizedIdentifiableAssetsAcquiredAndLiabilitiesAssumedPropertyPlantAndEquipment_2025-05-02,2025-05-02,xbrl
Fact001681,BusinessCombinationRecognizedIdentifiableAssetsAcquiredAndLiabilitiesAssumedOtherNoncurrentAssets,489000.0,USD,false,AsOf2025-05-02_custom_SMCBAcquisitionMember,0000923601,,,2025-05-02,us-gaap,BusinessCombinationRecognizedIdentifiableAssetsAcquiredAndLiabilitiesAssumedOtherNoncurrentAssets,us-gaap:BusinessCombinationRecognizedIdentifiableAssetsAcquiredAndLiabilitiesAssumedOtherNoncurrentAssets_2025-05-02,2025-05-02,xbrl
Fact001683,BusinessCombinationRecognizedIdentifiableAssetsAcquiredAndLiabilitiesAssumedCurrentLiabilitiesAccountsPayable,372000.0,USD,false,AsOf2025-05-02_custom_SMCBAcquisitionMember,0000923601,,,2025-05-02,us-gaap,BusinessCombinationRecognizedIdentifiableAssetsAcquiredAndLiabilitiesAssumedCurrentLiabilitiesAccountsPayable,us-gaap:BusinessCombinationRecognizedIdentifiableAssetsAcquiredAndLiabilitiesAssumedCurrentLiabilitiesAccountsPayable_2025-05-02,2025-05-02,xbrl
Fact001685,BusinessCombinationRecognizedIdentifiableAssetsAcquiredAndLiabilitiesAssumedCurrentLiabilitiesOther,975000.0,USD,false,AsOf2025-05-02_custom_SMCBAcquisitionMember,0000923601,,,2025-05-02,us-gaap,BusinessCombinationRecognizedIdentifiableAssetsAcquiredAndLiabilitiesAssumedCurrentLiabilitiesOther,us-gaap:BusinessCombinationRecognizedIdentifiableAssetsAcquiredAndLiabilitiesAssumedCurrentLiabilitiesOther_2025-05-02,2025-05-02,xbrl
Fact001687,BusinessCombinationRecognizedIdentifiableAssetsAcquiredAndLiabilitiesAssumedNet,442000.0,USD,false,AsOf2025-05-02_custom_SMCBAcquisitionMember,0000923601,,,2025-05-02,us-gaap,BusinessCombinationRecognizedIdentifiableAssetsAcquiredAndLiabilitiesAssumedNet,us-gaap:BusinessCombinationRecognizedIdentifiableAssetsAcquiredAndLiabilitiesAssumedNet_2025-05-02,2025-05-02,xbrl
Fact001689,BusinessCombinationRecognizedIdentifiableAssetsAcquiredGoodwillAndLiabilitiesAssumedNet,3632000.0,USD,false,AsOf2025-05-02_custom_SMCBAcquisitionMember,0000923601,,,2025-05-02,us-gaap,BusinessCombinationRecognizedIdentifiableAssetsAcquiredGoodwillAndLiabilitiesAssumedNet,us-gaap:BusinessCombinationRecognizedIdentifiableAssetsAcquiredGoodwillAndLiabilitiesAssumedNet_2025-05-02,2025-05-02,xbrl
Fact001693,BusinessAcquisitionsProFormaRevenue,7438000.0,USD,false,From2025-01-01to2025-06-30,0000923601,2025-01-01,2025-06-30,,us-gaap,BusinessAcquisitionsProFormaRevenue,us-gaap:BusinessAcquisitionsProFormaRevenue_2025-06-30,2025-06-30,xbrl
Fact001694,BusinessAcquisitionsProFormaRevenue,6135000.0,USD,false,From2024-01-012024-06-30,0000923601,2024-01-01,2024-06-30,,us-gaap,BusinessAcquisitionsProFormaRevenue,us-gaap:BusinessAcquisitionsProFormaRevenue_2024-06-30,2024-06-30,xbrl
Fact001699,BusinessAcquisitionsProFormaNetIncomeLoss,11313000.0,USD,false,From2025-01-01to2025-06-30,0000923601,2025-01-01,2025-06-30,,us-gaap,BusinessAcquisitionsProFormaNetIncomeLoss,us-gaap:BusinessAcquisitionsProFormaNetIncomeLoss_2025-06-30,2025-06-30,xbrl
Fact001700,BusinessAcquisitionsProFormaNetIncomeLoss,8735000.0,USD,false,From2024-01-012024-06-30,0000923601,2024-01-01,2024-06-30,,us-gaap,BusinessAcquisitionsProFormaNetIncomeLoss,us-gaap:BusinessAcquisitionsProFormaNetIncomeLoss_2024-06-30,2024-06-30,xbrl
Fact001723,Cash,6703000.0,USD,false,AsOf2023-12-31_srt_ScenarioPreviouslyReportedMember,0000923601,,,2023-12-31,us-gaap,Cash,us-gaap:Cash_2023-12-31,2023-12-31,xbrl
Fact001730,AllowanceForDoubtfulAccountsReceivableCurrent,174000.0,USD,false,AsOf2023-12-31_srt_ScenarioPreviouslyReportedMember,0000923601,,,2023-12-31,us-gaap,AllowanceForDoubtfulAccountsReceivableCurrent,us-gaap:AllowanceForDoubtfulAccountsReceivableCurrent_2023-12-31,2023-12-31,xbrl
Fact001726,AccountsReceivableNet,7308000.0,USD,false,AsOf2023-12-31_srt_ScenarioPreviouslyReportedMember_us-gaap_NonrelatedPartyMember,0000923601,,,2023-12-31,us-gaap,AccountsReceivableNet,us-gaap:AccountsReceivableNet_2023-12-31,2023-12-31,xbrl
Fact001745,InventoryNet,6871000.0,USD,false,AsOf2023-12-31_srt_ScenarioPreviouslyReportedMember,0000923601,,,2023-12-31,us-gaap,InventoryNet,us-gaap:InventoryNet_2023-12-31,2023-12-31,xbrl
Fact001748,OtherAssetsCurrent,1919000.0,USD,false,AsOf2023-12-31_srt_ScenarioPreviouslyReportedMember,0000923601,,,2023-12-31,us-gaap,OtherAssetsCurrent,us-gaap:OtherAssetsCurrent_2023-12-31,2023-12-31,xbrl
Fact001751,PrepaidExpenseAndOtherAssetsCurrent,136000.0,USD,false,AsOf2023-12-31_srt_ScenarioPreviouslyReportedMember,0000923601,,,2023-12-31,us-gaap,PrepaidExpenseAndOtherAssetsCurrent,us-gaap:PrepaidExpenseAndOtherAssetsCurrent_2023-12-31,2023-12-31,xbrl
Fact001754,AssetsCurrent,23206000.0,USD,false,AsOf2023-12-31_srt_ScenarioPreviouslyReportedMember,0000923601,,,2023-12-31,us-gaap,AssetsCurrent,us-gaap:AssetsCurrent_2023-12-31,2023-12-31,xbrl
Fact001763,OtherAssetsNoncurrent,179000.0,USD,false,AsOf2023-12-31_srt_ScenarioPreviouslyReportedMember,0000923601,,,2023-12-31,us-gaap,OtherAssetsNoncurrent,us-gaap:OtherAssetsNoncurrent_2023-12-31,2023-12-31,xbrl
Fact001772,Assets,27715000.0,USD,false,AsOf2023-12-31_srt_ScenarioPreviouslyReportedMember,0000923601,,,2023-12-31,us-gaap,Assets,us-gaap:Assets_2023-12-31,2023-12-31,xbrl
Fact001784,AccruedLiabilitiesCurrent,2614000.0,USD,false,AsOf2023-12-31_srt_ScenarioPreviouslyReportedMember,0000923601,,,2023-12-31,us-gaap,AccruedLiabilitiesCurrent,us-gaap:AccruedLiabilitiesCurrent_2023-12-31,2023-12-31,xbrl
Fact001805,OtherLiabilitiesCurrent,159000.0,USD,false,AsOf2023-12-31_srt_ScenarioPreviouslyReportedMember,0000923601,,,2023-12-31,us-gaap,OtherLiabilitiesCurrent,us-gaap:OtherLiabilitiesCurrent_2023-12-31,2023-12-31,xbrl
Fact001808,LiabilitiesCurrent,16209000.0,USD,false,AsOf2023-12-31_srt_ScenarioPreviouslyReportedMember,0000923601,,,2023-12-31,us-gaap,LiabilitiesCurrent,us-gaap:LiabilitiesCurrent_2023-12-31,2023-12-31,xbrl
Fact001817,OtherLiabilitiesNoncurrent,3000.0,USD,false,AsOf2023-12-31_srt_ScenarioPreviouslyReportedMember,0000923601,,,2023-12-31,us-gaap,OtherLiabilitiesNoncurrent,us-gaap:OtherLiabilitiesNoncurrent_2023-12-31,2023-12-31,xbrl
Fact001820,Liabilities,20137000.0,USD,false,AsOf2023-12-31_srt_ScenarioPreviouslyReportedMember,0000923601,,,2023-12-31,us-gaap,Liabilities,us-gaap:Liabilities_2023-12-31,2023-12-31,xbrl
Fact001864,CommonStockSharesOutstanding,32090.0,Shares,false,AsOf2023-12-31_srt_ScenarioPreviouslyReportedMember,0000923601,,,2023-12-31,us-gaap,CommonStockSharesOutstanding,us-gaap:CommonStockSharesOutstanding_2023-12-31,2023-12-31,xbrl
Fact001870,RetainedEarningsAccumulatedDeficit,25915000.0,USD,false,AsOf2023-12-31_srt_ScenarioPreviouslyReportedMember,0000923601,,,2023-12-31,us-gaap,RetainedEarningsAccumulatedDeficit,us-gaap:RetainedEarningsAccumulatedDeficit_2023-12-31,2023-12-31,xbrl
Fact001879,LiabilitiesAndStockholdersEquity,27715000.0,USD,false,AsOf2023-12-31_srt_ScenarioPreviouslyReportedMember,0000923601,,,2023-12-31,us-gaap,LiabilitiesAndStockholdersEquity,us-gaap:LiabilitiesAndStockholdersEquity_2023-12-31,2023-12-31,xbrl
Fact001881,RevenueFromContractWithCustomerExcludingAssessedTax,23494000.0,USD,false,From2024-01-012024-12-31_srt_ScenarioPreviouslyReportedMember,0000923601,2024-01-01,2024-12-31,,us-gaap,RevenueFromContractWithCustomerExcludingAssessedTax,us-gaap:RevenueFromContractWithCustomerExcludingAssessedTax_2024-12-31,2024-12-31,xbrl
Fact001882,RevenueFromContractWithCustomerExcludingAssessedTax,29198000.0,USD,false,From2023-04-012023-12-31_srt_ScenarioPreviouslyReportedMember,0000923601,2023-04-01,2023-12-31,,us-gaap,RevenueFromContractWithCustomerExcludingAssessedTax,us-gaap:RevenueFromContractWithCustomerExcludingAssessedTax_2023-12-31,2023-12-31,xbrl
Fact001884,CostOfGoodsAndServicesSold,18713000.0,USD,false,From2024-01-012024-12-31_srt_ScenarioPreviouslyReportedMember,0000923601,2024-01-01,2024-12-31,,us-gaap,CostOfGoodsAndServicesSold,us-gaap:CostOfGoodsAndServicesSold_2024-12-31,2024-12-31,xbrl
Fact001885,CostOfGoodsAndServicesSold,23008000.0,USD,false,From2023-04-012023-12-31_srt_ScenarioPreviouslyReportedMember,0000923601,2023-04-01,2023-12-31,,us-gaap,CostOfGoodsAndServicesSold,us-gaap:CostOfGoodsAndServicesSold_2023-12-31,2023-12-31,xbrl
Fact001887,GrossProfit,4781000.0,USD,false,From2024-01-012024-12-31_srt_ScenarioPreviouslyReportedMember,0000923601,2024-01-01,2024-12-31,,us-gaap,GrossProfit,us-gaap:GrossProfit_2024-12-31,2024-12-31,xbrl
Fact001888,GrossProfit,6190000.0,USD,false,From2023-04-012023-12-31_srt_ScenarioPreviouslyReportedMember,0000923601,2023-04-01,2023-12-31,,us-gaap,GrossProfit,us-gaap:GrossProfit_2023-12-31,2023-12-31,xbrl
Fact001905,OperatingIncomeLoss,13925000.0,USD,false,From2024-01-012024-12-31_srt_ScenarioPreviouslyReportedMember,0000923601,2024-01-01,2024-12-31,,us-gaap,OperatingIncomeLoss,us-gaap:OperatingIncomeLoss_2024-12-31,2024-12-31,xbrl
Fact001906,OperatingIncomeLoss,6143000.0,USD,false,From2023-04-012023-12-31_srt_ScenarioPreviouslyReportedMember,0000923601,2023-04-01,2023-12-31,,us-gaap,OperatingIncomeLoss,us-gaap:OperatingIncomeLoss_2023-12-31,2023-12-31,xbrl
Fact001923,NonoperatingIncomeExpense,10442000.0,USD,false,From2024-01-012024-12-31_srt_ScenarioPreviouslyReportedMember,0000923601,2024-01-01,2024-12-31,,us-gaap,NonoperatingIncomeExpense,us-gaap:NonoperatingIncomeExpense_2024-12-31,2024-12-31,xbrl
Fact001924,NonoperatingIncomeExpense,255000.0,USD,false,From2023-04-012023-12-31_srt_ScenarioPreviouslyReportedMember,0000923601,2023-04-01,2023-12-31,,us-gaap,NonoperatingIncomeExpense,us-gaap:NonoperatingIncomeExpense_2023-12-31,2023-12-31,xbrl
Fact001935,NetIncomeLossAttributableToNoncontrollingInterest,1110000.0,USD,false,From2024-01-012024-12-31_srt_ScenarioPreviouslyReportedMember,0000923601,2024-01-01,2024-12-31,,us-gaap,NetIncomeLossAttributableToNoncontrollingInterest,us-gaap:NetIncomeLossAttributableToNoncontrollingInterest_2024-12-31,2024-12-31,xbrl
Fact001938,NetIncomeLossAvailableToCommonStockholdersBasic,23257000.0,USD,false,From2024-01-012024-12-31_srt_ScenarioPreviouslyReportedMember,0000923601,2024-01-01,2024-12-31,,us-gaap,NetIncomeLossAvailableToCommonStockholdersBasic,us-gaap:NetIncomeLossAvailableToCommonStockholdersBasic_2024-12-31,2024-12-31,xbrl
Fact001939,NetIncomeLossAvailableToCommonStockholdersBasic,6398000.0,USD,false,From2023-04-012023-12-31_srt_ScenarioPreviouslyReportedMember,0000923601,2023-04-01,2023-12-31,,us-gaap,NetIncomeLossAvailableToCommonStockholdersBasic,us-gaap:NetIncomeLossAvailableToCommonStockholdersBasic_2023-12-31,2023-12-31,xbrl
Fact001941,EarningsPerShareBasic,353.87,USDPShares,false,From2024-01-012024-12-31_srt_ScenarioPreviouslyReportedMember,0000923601,2024-01-01,2024-12-31,,us-gaap,EarningsPerShareBasic,us-gaap:EarningsPerShareBasic_2024-12-31,2024-12-31,xbrl
Fact001943,EarningsPerShareDiluted,353.87,USDPShares,false,From2024-01-012024-12-31_srt_ScenarioPreviouslyReportedMember,0000923601,2024-01-01,2024-12-31,,us-gaap,EarningsPerShareDiluted,us-gaap:EarningsPerShareDiluted_2024-12-31,2024-12-31,xbrl
Fact001945,EarningsPerShareBasic,263.04,USDPShares,false,From2023-04-012023-12-31_srt_ScenarioPreviouslyReportedMember,0000923601,2023-04-01,2023-12-31,,us-gaap,EarningsPerShareBasic,us-gaap:EarningsPerShareBasic_2023-12-31,2023-12-31,xbrl
Fact001947,EarningsPerShareDiluted,263.04,USDPShares,false,From2023-04-012023-12-31_srt_ScenarioPreviouslyReportedMember,0000923601,2023-04-01,2023-12-31,,us-gaap,EarningsPerShareDiluted,us-gaap:EarningsPerShareDiluted_2023-12-31,2023-12-31,xbrl
Fact001949,WeightedAverageNumberOfSharesOutstandingBasic,65722.0,Shares,false,From2024-01-012024-12-31_srt_ScenarioPreviouslyReportedMember,0000923601,2024-01-01,2024-12-31,,us-gaap,WeightedAverageNumberOfSharesOutstandingBasic,us-gaap:WeightedAverageNumberOfSharesOutstandingBasic_2024-12-31,2024-12-31,xbrl
Fact001951,WeightedAverageNumberOfDilutedSharesOutstanding,65722.0,Shares,false,From2024-01-012024-12-31_srt_ScenarioPreviouslyReportedMember,0000923601,2024-01-01,2024-12-31,,us-gaap,WeightedAverageNumberOfDilutedSharesOutstanding,us-gaap:WeightedAverageNumberOfDilutedSharesOutstanding_2024-12-31,2024-12-31,xbrl
Fact001953,WeightedAverageNumberOfSharesOutstandingBasic,24323.0,Shares,false,From2023-04-012023-12-31_srt_ScenarioPreviouslyReportedMember,0000923601,2023-04-01,2023-12-31,,us-gaap,WeightedAverageNumberOfSharesOutstandingBasic,us-gaap:WeightedAverageNumberOfSharesOutstandingBasic_2023-12-31,2023-12-31,xbrl
Fact001955,WeightedAverageNumberOfDilutedSharesOutstanding,24323.0,Shares,false,From2023-04-012023-12-31_srt_ScenarioPreviouslyReportedMember,0000923601,2023-04-01,2023-12-31,,us-gaap,WeightedAverageNumberOfDilutedSharesOutstanding,us-gaap:WeightedAverageNumberOfDilutedSharesOutstanding_2023-12-31,2023-12-31,xbrl
Fact001963,SharesOutstanding,15837.0,Shares,false,AsOf2023-03-31_us-gaap_CommonStockMember_srt_ScenarioPreviouslyReportedMember,0000923601,,,2023-03-31,us-gaap,SharesOutstanding,us-gaap:SharesOutstanding_2023-03-31,2023-03-31,xbrl
Fact001958,StockholdersEquityIncludingPortionAttributableToNoncontrollingInterest,29848000.0,USD,false,AsOf2023-03-31_us-gaap_AdditionalPaidInCapitalMember_srt_ScenarioPreviouslyReportedMember,0000923601,,,2023-03-31,us-gaap,StockholdersEquityIncludingPortionAttributableToNoncontrollingInterest,us-gaap:StockholdersEquityIncludingPortionAttributableToNoncontrollingInterest_2023-03-31,2023-03-31,xbrl
Fact001980,StockGrantedDuringPeriodValueSharebasedCompensation,110000.0,USD,false,From2023-04-012023-12-31_us-gaap_AdditionalPaidInCapitalMember_srt_ScenarioPreviouslyReportedMember,0000923601,2023-04-01,2023-12-31,,us-gaap,StockGrantedDuringPeriodValueSharebasedCompensation,us-gaap:StockGrantedDuringPeriodValueSharebasedCompensation_2023-12-31,2023-12-31,xbrl
Fact002027,StockIssuedDuringPeriodSharesShareBasedCompensation,5099.0,Shares,false,From2024-01-012024-12-31_us-gaap_CommonStockMember_srt_ScenarioPreviouslyReportedMember,0000923601,2024-01-01,2024-12-31,,us-gaap,StockIssuedDuringPeriodSharesShareBasedCompensation,us-gaap:StockIssuedDuringPeriodSharesShareBasedCompensation_2024-12-31,2024-12-31,xbrl
Fact002022,StockGrantedDuringPeriodValueSharebasedCompensation,630000.0,USD,false,From2024-01-012024-12-31_us-gaap_AdditionalPaidInCapitalMember_srt_ScenarioPreviouslyReportedMember,0000923601,2024-01-01,2024-12-31,,us-gaap,StockGrantedDuringPeriodValueSharebasedCompensation,us-gaap:StockGrantedDuringPeriodValueSharebasedCompensation_2024-12-31,2024-12-31,xbrl
Fact002082,DepreciationAndAmortization,192000.0,USD,false,From2024-01-012024-12-31_srt_ScenarioPreviouslyReportedMember,0000923601,2024-01-01,2024-12-31,,us-gaap,DepreciationAndAmortization,us-gaap:DepreciationAndAmortization_2024-12-31,2024-12-31,xbrl
Fact002083,DepreciationAndAmortization,287000.0,USD,false,From2023-04-012023-12-31_srt_ScenarioPreviouslyReportedMember,0000923601,2023-04-01,2023-12-31,,us-gaap,DepreciationAndAmortization,us-gaap:DepreciationAndAmortization_2023-12-31,2023-12-31,xbrl
Fact002085,DeferredIncomeTaxExpenseBenefit,30000.0,USD,false,From2024-01-012024-12-31_srt_ScenarioPreviouslyReportedMember,0000923601,2024-01-01,2024-12-31,,us-gaap,DeferredIncomeTaxExpenseBenefit,us-gaap:DeferredIncomeTaxExpenseBenefit_2024-12-31,2024-12-31,xbrl
Fact002109,InventoryWriteDown,918000.0,USD,false,From2024-01-012024-12-31_srt_ScenarioPreviouslyReportedMember,0000923601,2024-01-01,2024-12-31,,us-gaap,InventoryWriteDown,us-gaap:InventoryWriteDown_2024-12-31,2024-12-31,xbrl
Fact002110,InventoryWriteDown,1798000.0,USD,false,From2023-04-012023-12-31_srt_ScenarioPreviouslyReportedMember,0000923601,2023-04-01,2023-12-31,,us-gaap,InventoryWriteDown,us-gaap:InventoryWriteDown_2023-12-31,2023-12-31,xbrl
Fact002124,ShareBasedCompensation,630000.0,USD,false,From2024-01-012024-12-31_srt_ScenarioPreviouslyReportedMember,0000923601,2024-01-01,2024-12-31,,us-gaap,ShareBasedCompensation,us-gaap:ShareBasedCompensation_2024-12-31,2024-12-31,xbrl
Fact002125,ShareBasedCompensation,110000.0,USD,false,From2023-04-012023-12-31_srt_ScenarioPreviouslyReportedMember,0000923601,2023-04-01,2023-12-31,,us-gaap,ShareBasedCompensation,us-gaap:ShareBasedCompensation_2023-12-31,2023-12-31,xbrl
Fact002133,IncreaseDecreaseInAccountsReceivable,3114000.0,USD,false,From2024-01-012024-12-31_srt_ScenarioPreviouslyReportedMember,0000923601,2024-01-01,2024-12-31,,us-gaap,IncreaseDecreaseInAccountsReceivable,us-gaap:IncreaseDecreaseInAccountsReceivable_2024-12-31,2024-12-31,xbrl
Fact002134,IncreaseDecreaseInAccountsReceivable,5241000.0,USD,false,From2023-04-012023-12-31_srt_ScenarioPreviouslyReportedMember,0000923601,2023-04-01,2023-12-31,,us-gaap,IncreaseDecreaseInAccountsReceivable,us-gaap:IncreaseDecreaseInAccountsReceivable_2023-12-31,2023-12-31,xbrl
Fact002136,IncreaseDecreaseInAccountsReceivableRelatedParties,57000.0,USD,false,From2024-01-012024-12-31_srt_ScenarioPreviouslyReportedMember,0000923601,2024-01-01,2024-12-31,,us-gaap,IncreaseDecreaseInAccountsReceivableRelatedParties,us-gaap:IncreaseDecreaseInAccountsReceivableRelatedParties_2024-12-31,2024-12-31,xbrl
Fact002137,IncreaseDecreaseInAccountsReceivableRelatedParties,30000.0,USD,false,From2023-04-012023-12-31_srt_ScenarioPreviouslyReportedMember,0000923601,2023-04-01,2023-12-31,,us-gaap,IncreaseDecreaseInAccountsReceivableRelatedParties,us-gaap:IncreaseDecreaseInAccountsReceivableRelatedParties_2023-12-31,2023-12-31,xbrl
Fact002142,IncreaseDecreaseInPrepaidDeferredExpenseAndOtherAssets,29000.0,USD,false,From2024-01-012024-12-31_srt_ScenarioPreviouslyReportedMember,0000923601,2024-01-01,2024-12-31,,us-gaap,IncreaseDecreaseInPrepaidDeferredExpenseAndOtherAssets,us-gaap:IncreaseDecreaseInPrepaidDeferredExpenseAndOtherAssets_2024-12-31,2024-12-31,xbrl
Fact002143,IncreaseDecreaseInPrepaidDeferredExpenseAndOtherAssets,215000.0,USD,false,From2023-04-012023-12-31_srt_ScenarioPreviouslyReportedMember,0000923601,2023-04-01,2023-12-31,,us-gaap,IncreaseDecreaseInPrepaidDeferredExpenseAndOtherAssets,us-gaap:IncreaseDecreaseInPrepaidDeferredExpenseAndOtherAssets_2023-12-31,2023-12-31,xbrl
Fact002146,IncreaseDecreaseInOtherNoncurrentAssets,76000.0,USD,false,From2023-04-012023-12-31_srt_ScenarioPreviouslyReportedMember,0000923601,2023-04-01,2023-12-31,,us-gaap,IncreaseDecreaseInOtherNoncurrentAssets,us-gaap:IncreaseDecreaseInOtherNoncurrentAssets_2023-12-31,2023-12-31,xbrl
Fact002151,IncreaseDecreaseInAccruedLiabilities,1076000.0,USD,false,From2024-01-012024-12-31_srt_ScenarioPreviouslyReportedMember,0000923601,2024-01-01,2024-12-31,,us-gaap,IncreaseDecreaseInAccruedLiabilities,us-gaap:IncreaseDecreaseInAccruedLiabilities_2024-12-31,2024-12-31,xbrl
Fact002152,IncreaseDecreaseInAccruedLiabilities,348000.0,USD,false,From2023-04-012023-12-31_srt_ScenarioPreviouslyReportedMember,0000923601,2023-04-01,2023-12-31,,us-gaap,IncreaseDecreaseInAccruedLiabilities,us-gaap:IncreaseDecreaseInAccruedLiabilities_2023-12-31,2023-12-31,xbrl
Fact002163,NetCashProvidedByUsedInOperatingActivities,8556000.0,USD,false,From2024-01-012024-12-31_srt_ScenarioPreviouslyReportedMember,0000923601,2024-01-01,2024-12-31,,us-gaap,NetCashProvidedByUsedInOperatingActivities,us-gaap:NetCashProvidedByUsedInOperatingActivities_2024-12-31,2024-12-31,xbrl
Fact002164,NetCashProvidedByUsedInOperatingActivities,411000.0,USD,false,From2023-04-012023-12-31_srt_ScenarioPreviouslyReportedMember,0000923601,2023-04-01,2023-12-31,,us-gaap,NetCashProvidedByUsedInOperatingActivities,us-gaap:NetCashProvidedByUsedInOperatingActivities_2023-12-31,2023-12-31,xbrl
Fact002184,NetCashProvidedByUsedInInvestingActivities,2245000.0,USD,false,From2024-01-012024-12-31_srt_ScenarioPreviouslyReportedMember,0000923601,2024-01-01,2024-12-31,,us-gaap,NetCashProvidedByUsedInInvestingActivities,us-gaap:NetCashProvidedByUsedInInvestingActivities_2024-12-31,2024-12-31,xbrl
Fact002185,NetCashProvidedByUsedInInvestingActivities,14000.0,USD,false,From2023-04-012023-12-31_srt_ScenarioPreviouslyReportedMember,0000923601,2023-04-01,2023-12-31,,us-gaap,NetCashProvidedByUsedInInvestingActivities,us-gaap:NetCashProvidedByUsedInInvestingActivities_2023-12-31,2023-12-31,xbrl
Fact002208,NetCashProvidedByUsedInFinancingActivities,11648000.0,USD,false,From2024-01-012024-12-31_srt_ScenarioPreviouslyReportedMember,0000923601,2024-01-01,2024-12-31,,us-gaap,NetCashProvidedByUsedInFinancingActivities,us-gaap:NetCashProvidedByUsedInFinancingActivities_2024-12-31,2024-12-31,xbrl
Fact002209,NetCashProvidedByUsedInFinancingActivities,3411000.0,USD,false,From2023-04-012023-12-31_srt_ScenarioPreviouslyReportedMember,0000923601,2023-04-01,2023-12-31,,us-gaap,NetCashProvidedByUsedInFinancingActivities,us-gaap:NetCashProvidedByUsedInFinancingActivities_2023-12-31,2023-12-31,xbrl
Fact002211,CashCashEquivalentsRestrictedCashAndRestrictedCashEquivalentsPeriodIncreaseDecreaseIncludingExchangeRateEffect,847000.0,USD,false,From2024-01-012024-12-31_srt_ScenarioPreviouslyReportedMember,0000923601,2024-01-01,2024-12-31,,us-gaap,CashCashEquivalentsRestrictedCashAndRestrictedCashEquivalentsPeriodIncreaseDecreaseIncludingExchangeRateEffect,us-gaap:CashCashEquivalentsRestrictedCashAndRestrictedCashEquivalentsPeriodIncreaseDecreaseIncludingExchangeRateEffect_2024-12-31,2024-12-31,xbrl
Fact002212,CashCashEquivalentsRestrictedCashAndRestrictedCashEquivalentsPeriodIncreaseDecreaseIncludingExchangeRateEffect,3808000.0,USD,false,From2023-04-012023-12-31_srt_ScenarioPreviouslyReportedMember,0000923601,2023-04-01,2023-12-31,,us-gaap,CashCashEquivalentsRestrictedCashAndRestrictedCashEquivalentsPeriodIncreaseDecreaseIncludingExchangeRateEffect,us-gaap:CashCashEquivalentsRestrictedCashAndRestrictedCashEquivalentsPeriodIncreaseDecreaseIncludingExchangeRateEffect_2023-12-31,2023-12-31,xbrl
Fact002215,CashCashEquivalentsRestrictedCashAndRestrictedCashEquivalentsIncludingDisposalGroupAndDiscontinuedOperations,2895000.0,USD,false,AsOf2023-03-31_srt_ScenarioPreviouslyReportedMember,0000923601,,,2023-03-31,us-gaap,CashCashEquivalentsRestrictedCashAndRestrictedCashEquivalentsIncludingDisposalGroupAndDiscontinuedOperations,us-gaap:CashCashEquivalentsRestrictedCashAndRestrictedCashEquivalentsIncludingDisposalGroupAndDiscontinuedOperations_2023-03-31,2023-03-31,xbrl
Fact002292,OtherCostOfOperatingRevenue,2059000.0,USD,false,From2024-01-012024-12-31_srt_ScenarioPreviouslyReportedMember,0000923601,2024-01-01,2024-12-31,,us-gaap,OtherCostOfOperatingRevenue,us-gaap:OtherCostOfOperatingRevenue_2024-12-31,2024-12-31,xbrl
Fact002294,OtherCostOfOperatingRevenue,2648000.0,USD,false,From2023-04-012023-12-31_srt_ScenarioPreviouslyReportedMember,0000923601,2023-04-01,2023-12-31,,us-gaap,OtherCostOfOperatingRevenue,us-gaap:OtherCostOfOperatingRevenue_2023-12-31,2023-12-31,xbrl
Fact002344,FinitelivedIntangibleAssetsAcquired1,1050000.0,USD,false,From2024-10-012024-12-31_srt_ScenarioPreviouslyReportedMember,0000923601,2024-10-01,2024-12-31,,us-gaap,FinitelivedIntangibleAssetsAcquired1,us-gaap:FinitelivedIntangibleAssetsAcquired1_2024-12-31,2024-12-31,xbrl
Fact002360,BusinessCombinationRecognizedIdentifiableAssetsAcquiredAndLiabilitiesAssumedCashAndEquivalents,17000.0,USD,false,AsOf2024-07-03_custom_SemiCabIncMember_srt_ScenarioPreviouslyReportedMember37441312,0000923601,,,2024-07-03,us-gaap,BusinessCombinationRecognizedIdentifiableAssetsAcquiredAndLiabilitiesAssumedCashAndEquivalents,us-gaap:BusinessCombinationRecognizedIdentifiableAssetsAcquiredAndLiabilitiesAssumedCashAndEquivalents_2024-07-03,2024-07-03,xbrl
Fact002362,BusinessCombinationRecognizedIdentifiableAssetsAcquiredAndLiabilitiesAssumedCurrentAssetsReceivables,193000.0,USD,false,AsOf2024-07-03_custom_SemiCabIncMember_srt_ScenarioPreviouslyReportedMember37441312,0000923601,,,2024-07-03,us-gaap,BusinessCombinationRecognizedIdentifiableAssetsAcquiredAndLiabilitiesAssumedCurrentAssetsReceivables,us-gaap:BusinessCombinationRecognizedIdentifiableAssetsAcquiredAndLiabilitiesAssumedCurrentAssetsReceivables_2024-07-03,2024-07-03,xbrl
Fact002364,BusinessCombinationRecognizedIdentifiableAssetsAcquiredAndLiabilitiesAssumedCurrentAssetsPrepaidExpenseAndOtherAssets,13000.0,USD,false,AsOf2024-07-03_custom_SemiCabIncMember_srt_ScenarioPreviouslyReportedMember37441312,0000923601,,,2024-07-03,us-gaap,BusinessCombinationRecognizedIdentifiableAssetsAcquiredAndLiabilitiesAssumedCurrentAssetsPrepaidExpenseAndOtherAssets,us-gaap:BusinessCombinationRecognizedIdentifiableAssetsAcquiredAndLiabilitiesAssumedCurrentAssetsPrepaidExpenseAndOtherAssets_2024-07-03,2024-07-03,xbrl
Fact002366,BusinessCombinationRecognizedIdentifiableAssetsAcquiredAndLiabilitiesAssumedPropertyPlantAndEquipment,3000.0,USD,false,AsOf2024-07-03_custom_SemiCabIncMember_srt_ScenarioPreviouslyReportedMember37441312,0000923601,,,2024-07-03,us-gaap,BusinessCombinationRecognizedIdentifiableAssetsAcquiredAndLiabilitiesAssumedPropertyPlantAndEquipment,us-gaap:BusinessCombinationRecognizedIdentifiableAssetsAcquiredAndLiabilitiesAssumedPropertyPlantAndEquipment_2024-07-03,2024-07-03,xbrl
Fact002368,BusinessCombinationRecognizedIdentifiableAssetsAcquiredAndLiabilitiesAssumedOtherNoncurrentAssets,14000.0,USD,false,AsOf2024-07-03_custom_SemiCabIncMember_srt_ScenarioPreviouslyReportedMember37441312,0000923601,,,2024-07-03,us-gaap,BusinessCombinationRecognizedIdentifiableAssetsAcquiredAndLiabilitiesAssumedOtherNoncurrentAssets,us-gaap:BusinessCombinationRecognizedIdentifiableAssetsAcquiredAndLiabilitiesAssumedOtherNoncurrentAssets_2024-07-03,2024-07-03,xbrl
Fact002382,BusinessCombinationRecognizedIdentifiableAssetsAcquiredAndLiabilitiesAssumedCurrentLiabilitiesAccountsPayable,2679000.0,USD,false,AsOf2024-07-03_custom_SemiCabIncMember_srt_ScenarioPreviouslyReportedMember37441312,0000923601,,,2024-07-03,us-gaap,BusinessCombinationRecognizedIdentifiableAssetsAcquiredAndLiabilitiesAssumedCurrentLiabilitiesAccountsPayable,us-gaap:BusinessCombinationRecognizedIdentifiableAssetsAcquiredAndLiabilitiesAssumedCurrentLiabilitiesAccountsPayable_2024-07-03,2024-07-03,xbrl
Fact002390,BusinessCombinationRecognizedIdentifiableAssetsAcquiredAndLiabilitiesAssumedNet,3395000.0,USD,false,AsOf2024-07-03_custom_SemiCabIncMember_srt_ScenarioPreviouslyReportedMember37441312,0000923601,,,2024-07-03,us-gaap,BusinessCombinationRecognizedIdentifiableAssetsAcquiredAndLiabilitiesAssumedNet,us-gaap:BusinessCombinationRecognizedIdentifiableAssetsAcquiredAndLiabilitiesAssumedNet_2024-07-03,2024-07-03,xbrl
Fact002449,OtherDepreciationAndAmortization,30000.0,USD,false,From2024-01-012024-12-31_srt_ScenarioPreviouslyReportedMember,0000923601,2024-01-01,2024-12-31,,us-gaap,OtherDepreciationAndAmortization,us-gaap:OtherDepreciationAndAmortization_2024-12-31,2024-12-31,xbrl
Fact002467,InterestExpense,36000.0,USD,false,From2024-01-012024-12-31_us-gaap_RelatedPartyMember_srt_ScenarioPreviouslyReportedMember,0000923601,2024-01-01,2024-12-31,,us-gaap,InterestExpense,us-gaap:InterestExpense_2024-12-31,2024-12-31,xbrl
Fact002544,InterestExpenseCapitalSecurities,105400.0,USD,false,From2024-01-012024-12-31_custom_AgileCapilalMerchantCashAdvanceMember_srt_ScenarioPreviouslyReportedMember,0000923601,2024-01-01,2024-12-31,,us-gaap,InterestExpenseCapitalSecurities,us-gaap:InterestExpenseCapitalSecurities_2024-12-31,2024-12-31,xbrl
Fact002654,ShareBasedCompensationArrangementByShareBasedPaymentAwardNumberOfSharesAuthorized,1500.0,Shares,false,AsOf2024-12-31_custom_TwoThousandTwentyTwoPlanMember_srt_ScenarioPreviouslyReportedMember,0000923601,,,2024-12-31,us-gaap,ShareBasedCompensationArrangementByShareBasedPaymentAwardNumberOfSharesAuthorized,us-gaap:ShareBasedCompensationArrangementByShareBasedPaymentAwardNumberOfSharesAuthorized_2024-12-31,2024-12-31,xbrl
Fact002656,ShareBasedCompensationArrangementByShareBasedPaymentAwardSharesIssuedInPeriod,1183.0,Shares,false,From2024-01-012024-12-31_custom_TwoThousandTwentyTwoPlanMember_srt_ScenarioPreviouslyReportedMember,0000923601,2024-01-01,2024-12-31,,us-gaap,ShareBasedCompensationArrangementByShareBasedPaymentAwardSharesIssuedInPeriod,us-gaap:ShareBasedCompensationArrangementByShareBasedPaymentAwardSharesIssuedInPeriod_2024-12-31,2024-12-31,xbrl
Fact002658,ShareBasedCompensationArrangementByShareBasedPaymentAwardNumberOfSharesAvailableForGrant,317.0,Shares,false,AsOf2024-12-31_custom_TwoThousandTwentyTwoPlanMember_srt_ScenarioPreviouslyReportedMember,0000923601,,,2024-12-31,us-gaap,ShareBasedCompensationArrangementByShareBasedPaymentAwardNumberOfSharesAvailableForGrant,us-gaap:ShareBasedCompensationArrangementByShareBasedPaymentAwardNumberOfSharesAvailableForGrant_2024-12-31,2024-12-31,xbrl
Fact002660,StockIssuedDuringPeriodSharesShareBasedCompensationForfeited,33.0,Shares,false,From2024-01-012024-12-31_custom_TwoThousandTwentyTwoPlanMember_srt_ScenarioPreviouslyReportedMember,0000923601,2024-01-01,2024-12-31,,us-gaap,StockIssuedDuringPeriodSharesShareBasedCompensationForfeited,us-gaap:StockIssuedDuringPeriodSharesShareBasedCompensationForfeited_2024-12-31,2024-12-31,xbrl
Fact002662,StockIssuedDuringPeriodSharesShareBasedCompensationForfeited,238.0,Shares,false,From2023-04-012023-12-31_custom_TwoThousandTwentyTwoPlanMember_srt_ScenarioPreviouslyReportedMember,0000923601,2023-04-01,2023-12-31,,us-gaap,StockIssuedDuringPeriodSharesShareBasedCompensationForfeited,us-gaap:StockIssuedDuringPeriodSharesShareBasedCompensationForfeited_2023-12-31,2023-12-31,xbrl
Fact002668,EmployeeBenefitsAndShareBasedCompensation,69000.0,USD,false,From2024-01-012024-12-31_custom_TwoThousandTwentyTwoPlanMember_srt_ScenarioPreviouslyReportedMember,0000923601,2024-01-01,2024-12-31,,us-gaap,EmployeeBenefitsAndShareBasedCompensation,us-gaap:EmployeeBenefitsAndShareBasedCompensation_2024-12-31,2024-12-31,xbrl
Fact002670,EmployeeBenefitsAndShareBasedCompensation,110000.0,USD,false,From2023-04-012023-12-31_custom_TwoThousandTwentyTwoPlanMember_srt_ScenarioPreviouslyReportedMember,0000923601,2023-04-01,2023-12-31,,us-gaap,EmployeeBenefitsAndShareBasedCompensation,us-gaap:EmployeeBenefitsAndShareBasedCompensation_2023-12-31,2023-12-31,xbrl
Fact002672,EmployeeServiceShareBasedCompensationNonvestedAwardsTotalCompensationCostNotYetRecognizedStockOptions,33000.0,USD,false,AsOf2024-12-31_srt_ScenarioPreviouslyReportedMember,0000923601,,,2024-12-31,us-gaap,EmployeeServiceShareBasedCompensationNonvestedAwardsTotalCompensationCostNotYetRecognizedStockOptions,us-gaap:EmployeeServiceShareBasedCompensationNonvestedAwardsTotalCompensationCostNotYetRecognizedStockOptions_2024-12-31,2024-12-31,xbrl
Fact002718,AntidilutiveSecuritiesExcludedFromComputationOfEarningsPerShareAmount,536.0,Shares,false,From2024-01-012024-12-31_us-gaap_EmployeeStockOptionMember_srt_ScenarioPreviouslyReportedMember,0000923601,2024-01-01,2024-12-31,,us-gaap,AntidilutiveSecuritiesExcludedFromComputationOfEarningsPerShareAmount,us-gaap:AntidilutiveSecuritiesExcludedFromComputationOfEarningsPerShareAmount_2024-12-31,2024-12-31,xbrl
Fact002722,AntidilutiveSecuritiesExcludedFromComputationOfEarningsPerShareAmount,569.0,Shares,false,From2023-04-012023-12-31_us-gaap_EmployeeStockOptionMember_srt_ScenarioPreviouslyReportedMember,0000923601,2023-04-01,2023-12-31,,us-gaap,AntidilutiveSecuritiesExcludedFromComputationOfEarningsPerShareAmount,us-gaap:AntidilutiveSecuritiesExcludedFromComputationOfEarningsPerShareAmount_2023-12-31,2023-12-31,xbrl
Fact002992,DeferredTaxAssetsOperatingLossCarryforwardsDomestic,4085000.0,USD,false,AsOf2024-12-31_srt_ScenarioPreviouslyReportedMember,0000923601,,,2024-12-31,us-gaap,DeferredTaxAssetsOperatingLossCarryforwardsDomestic,us-gaap:DeferredTaxAssetsOperatingLossCarryforwardsDomestic_2024-12-31,2024-12-31,xbrl
Fact002993,DeferredTaxAssetsOperatingLossCarryforwardsDomestic,1291000.0,USD,false,AsOf2023-12-31_srt_ScenarioPreviouslyReportedMember,0000923601,,,2023-12-31,us-gaap,DeferredTaxAssetsOperatingLossCarryforwardsDomestic,us-gaap:DeferredTaxAssetsOperatingLossCarryforwardsDomestic_2023-12-31,2023-12-31,xbrl
Fact002995,DeferredTaxAssetsOperatingLossCarryforwardsStateAndLocal,1426000.0,USD,false,AsOf2024-12-31_srt_ScenarioPreviouslyReportedMember,0000923601,,,2024-12-31,us-gaap,DeferredTaxAssetsOperatingLossCarryforwardsStateAndLocal,us-gaap:DeferredTaxAssetsOperatingLossCarryforwardsStateAndLocal_2024-12-31,2024-12-31,xbrl
Fact002996,DeferredTaxAssetsOperatingLossCarryforwardsStateAndLocal,469000.0,USD,false,AsOf2023-12-31_srt_ScenarioPreviouslyReportedMember,0000923601,,,2023-12-31,us-gaap,DeferredTaxAssetsOperatingLossCarryforwardsStateAndLocal,us-gaap:DeferredTaxAssetsOperatingLossCarryforwardsStateAndLocal_2023-12-31,2023-12-31,xbrl
Fact002998,DeferredTaxAssetsInventory,355000.0,USD,false,AsOf2024-12-31_srt_ScenarioPreviouslyReportedMember,0000923601,,,2024-12-31,us-gaap,DeferredTaxAssetsInventory,us-gaap:DeferredTaxAssetsInventory_2024-12-31,2024-12-31,xbrl
Fact002999,DeferredTaxAssetsInventory,1173000.0,USD,false,AsOf2023-12-31_srt_ScenarioPreviouslyReportedMember,0000923601,,,2023-12-31,us-gaap,DeferredTaxAssetsInventory,us-gaap:DeferredTaxAssetsInventory_2023-12-31,2023-12-31,xbrl
Fact003001,DeferredTaxAssetsGoodwillAndIntangibleAssets,674000.0,USD,false,AsOf2024-12-31_srt_ScenarioPreviouslyReportedMember,0000923601,,,2024-12-31,us-gaap,DeferredTaxAssetsGoodwillAndIntangibleAssets,us-gaap:DeferredTaxAssetsGoodwillAndIntangibleAssets_2024-12-31,2024-12-31,xbrl
Fact003004,DeferredTaxAssetsTaxDeferredExpenseCompensationAndBenefitsShareBasedCompensationCost,179000.0,USD,false,AsOf2024-12-31_srt_ScenarioPreviouslyReportedMember,0000923601,,,2024-12-31,us-gaap,DeferredTaxAssetsTaxDeferredExpenseCompensationAndBenefitsShareBasedCompensationCost,us-gaap:DeferredTaxAssetsTaxDeferredExpenseCompensationAndBenefitsShareBasedCompensationCost_2024-12-31,2024-12-31,xbrl
Fact003005,DeferredTaxAssetsTaxDeferredExpenseCompensationAndBenefitsShareBasedCompensationCost,159000.0,USD,false,AsOf2023-12-31_srt_ScenarioPreviouslyReportedMember,0000923601,,,2023-12-31,us-gaap,DeferredTaxAssetsTaxDeferredExpenseCompensationAndBenefitsShareBasedCompensationCost,us-gaap:DeferredTaxAssetsTaxDeferredExpenseCompensationAndBenefitsShareBasedCompensationCost_2023-12-31,2023-12-31,xbrl
Fact003019,DeferredTaxAssetsTaxDeferredExpenseReservesAndAccrualsReturnsAndAllowances,476000.0,USD,false,AsOf2024-12-31_srt_ScenarioPreviouslyReportedMember,0000923601,,,2024-12-31,us-gaap,DeferredTaxAssetsTaxDeferredExpenseReservesAndAccrualsReturnsAndAllowances,us-gaap:DeferredTaxAssetsTaxDeferredExpenseReservesAndAccrualsReturnsAndAllowances_2024-12-31,2024-12-31,xbrl
Fact003020,DeferredTaxAssetsTaxDeferredExpenseReservesAndAccrualsReturnsAndAllowances,384000.0,USD,false,AsOf2023-12-31_srt_ScenarioPreviouslyReportedMember,0000923601,,,2023-12-31,us-gaap,DeferredTaxAssetsTaxDeferredExpenseReservesAndAccrualsReturnsAndAllowances,us-gaap:DeferredTaxAssetsTaxDeferredExpenseReservesAndAccrualsReturnsAndAllowances_2023-12-31,2023-12-31,xbrl
Fact003022,DeferredTaxAssetsTaxDeferredExpenseReservesAndAccruals,20000.0,USD,false,AsOf2024-12-31_srt_ScenarioPreviouslyReportedMember,0000923601,,,2024-12-31,us-gaap,DeferredTaxAssetsTaxDeferredExpenseReservesAndAccruals,us-gaap:DeferredTaxAssetsTaxDeferredExpenseReservesAndAccruals_2024-12-31,2024-12-31,xbrl
Fact003023,DeferredTaxAssetsTaxDeferredExpenseReservesAndAccruals,8000.0,USD,false,AsOf2023-12-31_srt_ScenarioPreviouslyReportedMember,0000923601,,,2023-12-31,us-gaap,DeferredTaxAssetsTaxDeferredExpenseReservesAndAccruals,us-gaap:DeferredTaxAssetsTaxDeferredExpenseReservesAndAccruals_2023-12-31,2023-12-31,xbrl
Fact003025,DeferredTaxAssetsGross,8216000.0,USD,false,AsOf2024-12-31_srt_ScenarioPreviouslyReportedMember,0000923601,,,2024-12-31,us-gaap,DeferredTaxAssetsGross,us-gaap:DeferredTaxAssetsGross_2024-12-31,2024-12-31,xbrl
Fact003026,DeferredTaxAssetsGross,4702000.0,USD,false,AsOf2023-12-31_srt_ScenarioPreviouslyReportedMember,0000923601,,,2023-12-31,us-gaap,DeferredTaxAssetsGross,us-gaap:DeferredTaxAssetsGross_2023-12-31,2023-12-31,xbrl
Fact003028,DeferredTaxAssetsValuationAllowance,8039000.0,USD,false,AsOf2024-12-31_srt_ScenarioPreviouslyReportedMember,0000923601,,,2024-12-31,us-gaap,DeferredTaxAssetsValuationAllowance,us-gaap:DeferredTaxAssetsValuationAllowance_2024-12-31,2024-12-31,xbrl
Fact003029,DeferredTaxAssetsValuationAllowance,3600000.0,USD,false,AsOf2023-12-31_srt_ScenarioPreviouslyReportedMember,0000923601,,,2023-12-31,us-gaap,DeferredTaxAssetsValuationAllowance,us-gaap:DeferredTaxAssetsValuationAllowance_2023-12-31,2023-12-31,xbrl
Fact003031,DeferredTaxAssetsNet,176000.0,USD,false,AsOf2024-12-31_srt_ScenarioPreviouslyReportedMember,0000923601,,,2024-12-31,us-gaap,DeferredTaxAssetsNet,us-gaap:DeferredTaxAssetsNet_2024-12-31,2024-12-31,xbrl
Fact003032,DeferredTaxAssetsNet,1103000.0,USD,false,AsOf2023-12-31_srt_ScenarioPreviouslyReportedMember,0000923601,,,2023-12-31,us-gaap,DeferredTaxAssetsNet,us-gaap:DeferredTaxAssetsNet_2023-12-31,2023-12-31,xbrl
Fact003034,DeferredTaxLiabilitiesPropertyPlantAndEquipment,39000.0,USD,false,AsOf2024-12-31_srt_ScenarioPreviouslyReportedMember,0000923601,,,2024-12-31,us-gaap,DeferredTaxLiabilitiesPropertyPlantAndEquipment,us-gaap:DeferredTaxLiabilitiesPropertyPlantAndEquipment_2024-12-31,2024-12-31,xbrl
Fact003035,DeferredTaxLiabilitiesPropertyPlantAndEquipment,67000.0,USD,false,AsOf2023-12-31_srt_ScenarioPreviouslyReportedMember,0000923601,,,2023-12-31,us-gaap,DeferredTaxLiabilitiesPropertyPlantAndEquipment,us-gaap:DeferredTaxLiabilitiesPropertyPlantAndEquipment_2023-12-31,2023-12-31,xbrl
Fact003043,DeferredTaxLiabilitiesPrepaidExpenses,32000.0,USD,false,AsOf2024-12-31_srt_ScenarioPreviouslyReportedMember,0000923601,,,2024-12-31,us-gaap,DeferredTaxLiabilitiesPrepaidExpenses,us-gaap:DeferredTaxLiabilitiesPrepaidExpenses_2024-12-31,2024-12-31,xbrl
Fact003044,DeferredTaxLiabilitiesPrepaidExpenses,35000.0,USD,false,AsOf2023-12-31_srt_ScenarioPreviouslyReportedMember,0000923601,,,2023-12-31,us-gaap,DeferredTaxLiabilitiesPrepaidExpenses,us-gaap:DeferredTaxLiabilitiesPrepaidExpenses_2023-12-31,2023-12-31,xbrl
Fact003046,DeferredTaxLiabilities,176000.0,USD,false,AsOf2024-12-31_srt_ScenarioPreviouslyReportedMember,0000923601,,,2024-12-31,us-gaap,DeferredTaxLiabilities,us-gaap:DeferredTaxLiabilities_2024-12-31,2024-12-31,xbrl
Fact003047,DeferredTaxLiabilities,1103000.0,USD,false,AsOf2023-12-31_srt_ScenarioPreviouslyReportedMember,0000923601,,,2023-12-31,us-gaap,DeferredTaxLiabilities,us-gaap:DeferredTaxLiabilities_2023-12-31,2023-12-31,xbrl
Fact003054,IncomeTaxReconciliationIncomeTaxExpenseBenefitAtFederalStatutoryIncomeTaxRate,5117000.0,USD,false,From2024-01-012024-12-31_srt_ScenarioPreviouslyReportedMember,0000923601,2024-01-01,2024-12-31,,us-gaap,IncomeTaxReconciliationIncomeTaxExpenseBenefitAtFederalStatutoryIncomeTaxRate,us-gaap:IncomeTaxReconciliationIncomeTaxExpenseBenefitAtFederalStatutoryIncomeTaxRate_2024-12-31,2024-12-31,xbrl
Fact003055,IncomeTaxReconciliationIncomeTaxExpenseBenefitAtFederalStatutoryIncomeTaxRate,1344000.0,USD,false,From2023-04-012023-12-31_srt_ScenarioPreviouslyReportedMember,0000923601,2023-04-01,2023-12-31,,us-gaap,IncomeTaxReconciliationIncomeTaxExpenseBenefitAtFederalStatutoryIncomeTaxRate,us-gaap:IncomeTaxReconciliationIncomeTaxExpenseBenefitAtFederalStatutoryIncomeTaxRate_2023-12-31,2023-12-31,xbrl
Fact003069,IncomeTaxReconciliationChangeInDeferredTaxAssetsValuationAllowance,4428000.0,USD,false,From2024-01-012024-12-31_srt_ScenarioPreviouslyReportedMember,0000923601,2024-01-01,2024-12-31,,us-gaap,IncomeTaxReconciliationChangeInDeferredTaxAssetsValuationAllowance,us-gaap:IncomeTaxReconciliationChangeInDeferredTaxAssetsValuationAllowance_2024-12-31,2024-12-31,xbrl
Fact003070,IncomeTaxReconciliationChangeInDeferredTaxAssetsValuationAllowance,1495000.0,USD,false,From2023-04-012023-12-31_srt_ScenarioPreviouslyReportedMember,0000923601,2023-04-01,2023-12-31,,us-gaap,IncomeTaxReconciliationChangeInDeferredTaxAssetsValuationAllowance,us-gaap:IncomeTaxReconciliationChangeInDeferredTaxAssetsValuationAllowance_2023-12-31,2023-12-31,xbrl
Fact003088,DeferredTaxAssetsOther,8039000.0,USD,false,AsOf2024-12-31_srt_ScenarioPreviouslyReportedMember,0000923601,,,2024-12-31,us-gaap,DeferredTaxAssetsOther,us-gaap:DeferredTaxAssetsOther_2024-12-31,2024-12-31,xbrl
Fact003094,DeferredTaxAssetsOther,3600000.0,USD,false,AsOf2023-12-31_srt_ScenarioPreviouslyReportedMember,0000923601,,,2023-12-31,us-gaap,DeferredTaxAssetsOther,us-gaap:DeferredTaxAssetsOther_2023-12-31,2023-12-31,xbrl
Fact003100,Revenues,23197000.0,USD,false,From2024-01-012024-12-31_us-gaap_OperatingSegmentsMember_custom_SingingMachineMember_srt_ScenarioPreviouslyReportedMember,0000923601,2024-01-01,2024-12-31,,us-gaap,Revenues,us-gaap:Revenues_2024-12-31,2024-12-31,xbrl
Fact003103,Revenues,29198000.0,USD,false,From2023-04-012023-12-31_us-gaap_OperatingSegmentsMember_custom_SingingMachineMember_srt_ScenarioPreviouslyReportedMember,0000923601,2023-04-01,2023-12-31,,us-gaap,Revenues,us-gaap:Revenues_2023-12-31,2023-12-31,xbrl
Fact003107,CostOfRevenue,18222000.0,USD,false,From2024-01-012024-12-31_us-gaap_OperatingSegmentsMember_custom_SingingMachineMember_srt_ScenarioPreviouslyReportedMember,0000923601,2024-01-01,2024-12-31,,us-gaap,CostOfRevenue,us-gaap:CostOfRevenue_2024-12-31,2024-12-31,xbrl
Fact003110,CostOfRevenue,23008000.0,USD,false,From2023-04-012023-12-31_us-gaap_OperatingSegmentsMember_custom_SingingMachineMember_srt_ScenarioPreviouslyReportedMember,0000923601,2023-04-01,2023-12-31,,us-gaap,CostOfRevenue,us-gaap:CostOfRevenue_2023-12-31,2023-12-31,xbrl
Fact003166,GainLossOnSaleOfOtherAssets,44000.0,USD,false,From2023-04-012023-12-31_us-gaap_OperatingSegmentsMember_custom_SingingMachineMember_srt_ScenarioPreviouslyReportedMember,0000923601,2023-04-01,2023-12-31,,us-gaap,GainLossOnSaleOfOtherAssets,us-gaap:GainLossOnSaleOfOtherAssets_2023-12-31,2023-12-31,xbrl
Fact003180,InterestExpense,299000.0,USD,false,From2023-04-012023-12-31_us-gaap_OperatingSegmentsMember_custom_SingingMachineMember_srt_ScenarioPreviouslyReportedMember,0000923601,2023-04-01,2023-12-31,,us-gaap,InterestExpense,us-gaap:InterestExpense_2023-12-31,2023-12-31,xbrl
Fact003184,NetIncomeLoss,18818000.0,USD,false,From2024-01-012024-12-31_us-gaap_OperatingSegmentsMember_custom_SingingMachineMember_srt_ScenarioPreviouslyReportedMember,0000923601,2024-01-01,2024-12-31,,us-gaap,NetIncomeLoss,us-gaap:NetIncomeLoss_2024-12-31,2024-12-31,xbrl
Fact003187,NetIncomeLoss,6398000.0,USD,false,From2023-04-012023-12-31_us-gaap_OperatingSegmentsMember_custom_SingingMachineMember_srt_ScenarioPreviouslyReportedMember,0000923601,2023-04-01,2023-12-31,,us-gaap,NetIncomeLoss,us-gaap:NetIncomeLoss_2023-12-31,2023-12-31,xbrl
Fact003248,AllowanceForDoubtfulAccountsReceivableCurrent,139182.0,USD,false,AsOf2022-12-31_srt_ScenarioPreviouslyReportedMember,0000923601,,,2022-12-31,us-gaap,AllowanceForDoubtfulAccountsReceivableCurrent,us-gaap:AllowanceForDoubtfulAccountsReceivableCurrent_2022-12-31,2022-12-31,xbrl
Fact003250,AccountsReceivableNet,7305920.0,USD,false,AsOf2022-12-31_srt_ScenarioPreviouslyReportedMember,0000923601,,,2022-12-31,us-gaap,AccountsReceivableNet,us-gaap:AccountsReceivableNet_2022-12-31,2022-12-31,xbrl
0000,technology,76.0,count,false,frequency,0000,,,,custom,keyword_frequency,,,keyword
0000,software,21.0,count,false,frequency,0000,,,,custom,keyword_frequency,,,keyword
0000,ai,72.0,count,false,frequency,0000,,,,custom,keyword_frequency,,,keyword
0000,machine learning,13.0,count,false,frequency,0000,,,,custom,keyword_frequency,,,keyword
0000,cloud,6.0,count,false,frequency,0000,,,,custom,keyword_frequency,,,keyword
0000,saas,5.0,count,false,frequency,0000,,,,custom,keyword_frequency,,,keyword
0000,platform,17.0,count,false,frequency,0000,,,,custom,keyword_frequency,,,keyword
0000,digital,4.0,count,false,frequency,0000,,,,custom,keyword_frequency,,,keyword
0000,data,38.0,count,false,frequency,0000,,,,custom,keyword_frequency,,,keyword
0000,analytics,2.0,count,false,frequency,0000,,,,custom,keyword_frequency,,,keyword
0000,algorithm,0.0,count,false,frequency,0000,,,,custom,keyword_frequency,,,keyword
0000,automation,1.0,count,false,frequency,0000,,,,custom,keyword_frequency,,,keyword
0000,blockchain,0.0,count,false,frequency,0000,,,,custom,keyword_frequency,,,keyword
0000,cryptocurrency,0.0,count,false,frequency,0000,,,,custom,keyword_frequency,,,keyword
0000,cybersecurity,4.0,count,false,frequency,0000,,,,custom,keyword_frequency,,,keyword
0000,subscription,25.0,count,false,frequency,0000,,,,custom,keyword_frequency,,,keyword
0000,recurring,10.0,count,false,frequency,0000,,,,custom,keyword_frequency,,,keyword
0000,e-commerce,0.0,count,false,frequency,0000,,,,custom,keyword_frequency,,,keyword
0000,mobile,0.0,count,false,frequency,0000,,,,custom,keyword_frequency,,,keyword
0000,app,0.0,count,false,frequency,0000,,,,custom,keyword_frequency,,,keyword
0000,virtual,0.0,count,false,frequency,0000,,,,custom,keyword_frequency,,,keyword
0000,healthcare,0.0,count,false,frequency,0000,,,,custom,keyword_frequency,,,keyword
0000,biotech,0.0,count,false,frequency,0000,,,,custom,keyword_frequency,,,keyword
0000,pharmaceutical,0.0,count,false,frequency,0000,,,,custom,keyword_frequency,,,keyword
0000,medical,0.0,count,false,frequency,0000,,,,custom,keyword_frequency,,,keyword
0000,clinical,0.0,count,false,frequency,0000,,,,custom,keyword_frequency,,,keyword
0000,energy,0.0,count,false,frequency,0000,,,,custom,keyword_frequency,,,keyword
0000,renewable,0.0,count,false,frequency,0000,,,,custom,keyword_frequency,,,keyword
0000,solar,2.0,count,false,frequency,0000,,,,custom,keyword_frequency,,,keyword
0000,electric,0.0,count,false,frequency,0000,,,,custom,keyword_frequency,,,keyword
0000,battery,0.0,count,false,frequency,0000,,,,custom,keyword_frequency,,,keyword
0000,real estate,0.0,count,false,frequency,0000,,,,custom,keyword_frequency,,,keyword
0000,logistics,50.0,count,false,frequency,0000,,,,custom,keyword_frequency,,,keyword
0000,transportation,67.0,count,false,frequency,0000,,,,custom,keyword_frequency,,,keyword
0000,automotive,1.0,count,false,frequency,0000,,,,custom,keyword_frequency,,,keyword
