Fact_ID,Element_Name,Value,Unit,Is_Null,Context_Ref,Entity_ID,Period_Start,Period_End,Instant_Date,Taxonomy_Prefix,Element_Local_Name
Fact000041,Cash,1134000.0,USD,false,AsOf2025-06-30,0000923601,,,2025-06-30,us-gaap,Cash
Fact000042,Cash,7550000.0,USD,false,AsOf2024-12-31,0000923601,,,2024-12-31,us-gaap,Cash
Fact000047,AllowanceForDoubtfulAccountsReceivableCurrent,101000.0,USD,false,AsOf2025-06-30,0000923601,,,2025-06-30,us-gaap,AllowanceForDoubtfulAccountsReceivableCurrent
Fact000049,AllowanceForDoubtfulAccountsReceivableCurrent,274000.0,USD,false,AsOf2024-12-31,0000923601,,,2024-12-31,us-gaap,AllowanceForDoubtfulAccountsReceivableCurrent
Fact000044,AccountsReceivableNet,2317000.0,USD,false,AsOf2025-06-30_us-gaap_NonrelatedPartyMember,0000923601,,,2025-06-30,us-gaap,AccountsReceivableNet
Fact000045,AccountsReceivableNet,4373000.0,USD,false,AsOf2024-12-31_us-gaap_NonrelatedPartyMember,0000923601,,,2024-12-31,us-gaap,AccountsReceivableNet
Fact000060,InventoryNet,2733000.0,USD,false,AsOf2025-06-30,0000923601,,,2025-06-30,us-gaap,InventoryNet
Fact000061,InventoryNet,2186000.0,USD,false,AsOf2024-12-31,0000923601,,,2024-12-31,us-gaap,InventoryNet
Fact000063,OtherAssetsCurrent,93000.0,USD,false,AsOf2025-06-30,0000923601,,,2025-06-30,us-gaap,OtherAssetsCurrent
Fact000064,OtherAssetsCurrent,1621000.0,USD,false,AsOf2024-12-31,0000923601,,,2024-12-31,us-gaap,OtherAssetsCurrent
Fact000066,PrepaidExpenseAndOtherAssetsCurrent,1219000.0,USD,false,AsOf2025-06-30,0000923601,,,2025-06-30,us-gaap,PrepaidExpenseAndOtherAssetsCurrent
Fact000067,PrepaidExpenseAndOtherAssetsCurrent,120000.0,USD,false,AsOf2024-12-31,0000923601,,,2024-12-31,us-gaap,PrepaidExpenseAndOtherAssetsCurrent
Fact000069,AssetsCurrent,7620000.0,USD,false,AsOf2025-06-30,0000923601,,,2025-06-30,us-gaap,AssetsCurrent
Fact000070,AssetsCurrent,16763000.0,USD,false,AsOf2024-12-31,0000923601,,,2024-12-31,us-gaap,AssetsCurrent
Fact000078,OtherAssetsNoncurrent,90000.0,USD,false,AsOf2025-06-30,0000923601,,,2025-06-30,us-gaap,OtherAssetsNoncurrent
Fact000079,OtherAssetsNoncurrent,124000.0,USD,false,AsOf2024-12-31,0000923601,,,2024-12-31,us-gaap,OtherAssetsNoncurrent
Fact000081,IntangibleAssetsNetExcludingGoodwill,315000.0,USD,false,AsOf2025-06-30,0000923601,,,2025-06-30,us-gaap,IntangibleAssetsNetExcludingGoodwill
Fact000082,IntangibleAssetsNetExcludingGoodwill,345000.0,USD,false,AsOf2024-12-31,0000923601,,,2024-12-31,us-gaap,IntangibleAssetsNetExcludingGoodwill
Fact000087,Assets,12695000.0,USD,false,AsOf2025-06-30,0000923601,,,2025-06-30,us-gaap,Assets
Fact000088,Assets,18302000.0,USD,false,AsOf2024-12-31,0000923601,,,2024-12-31,us-gaap,Assets
Fact000099,AccruedLiabilitiesCurrent,3295000.0,USD,false,AsOf2025-06-30,0000923601,,,2025-06-30,us-gaap,AccruedLiabilitiesCurrent
Fact000100,AccruedLiabilitiesCurrent,4224000.0,USD,false,AsOf2024-12-31,0000923601,,,2024-12-31,us-gaap,AccruedLiabilitiesCurrent
Fact000112,DerivativeLiabilitiesCurrent,16603000.0,USD,false,AsOf2024-12-31,0000923601,,,2024-12-31,us-gaap,DerivativeLiabilitiesCurrent
Fact000126,OtherLiabilitiesCurrent,62000.0,USD,false,AsOf2025-06-30,0000923601,,,2025-06-30,us-gaap,OtherLiabilitiesCurrent
Fact000127,OtherLiabilitiesCurrent,145000.0,USD,false,AsOf2024-12-31,0000923601,,,2024-12-31,us-gaap,OtherLiabilitiesCurrent
Fact000129,LiabilitiesCurrent,9250000.0,USD,false,AsOf2025-06-30,0000923601,,,2025-06-30,us-gaap,LiabilitiesCurrent
Fact000130,LiabilitiesCurrent,28438000.0,USD,false,AsOf2024-12-31,0000923601,,,2024-12-31,us-gaap,LiabilitiesCurrent
Fact000144,Liabilities,9885000.0,USD,false,AsOf2025-06-30,0000923601,,,2025-06-30,us-gaap,Liabilities
Fact000145,Liabilities,28823000.0,USD,false,AsOf2024-12-31,0000923601,,,2024-12-31,us-gaap,Liabilities
Fact000185,CommonStockSharesOutstanding,2514571.0,Shares,false,AsOf2025-06-30,0000923601,,,2025-06-30,us-gaap,CommonStockSharesOutstanding
Fact000189,CommonStockSharesOutstanding,470825.0,Shares,false,AsOf2024-12-31,0000923601,,,2024-12-31,us-gaap,CommonStockSharesOutstanding
Fact000194,RetainedEarningsAccumulatedDeficit,58948000.0,USD,false,AsOf2025-06-30,0000923601,,,2025-06-30,us-gaap,RetainedEarningsAccumulatedDeficit
Fact000195,RetainedEarningsAccumulatedDeficit,49172000.0,USD,false,AsOf2024-12-31,0000923601,,,2024-12-31,us-gaap,RetainedEarningsAccumulatedDeficit
Fact000207,StockholdersEquityIncludingPortionAttributableToNoncontrollingInterest,2810000.0,USD,false,AsOf2025-06-30,0000923601,,,2025-06-30,us-gaap,StockholdersEquityIncludingPortionAttributableToNoncontrollingInterest
Fact000208,StockholdersEquityIncludingPortionAttributableToNoncontrollingInterest,10521000.0,USD,false,AsOf2024-12-31,0000923601,,,2024-12-31,us-gaap,StockholdersEquityIncludingPortionAttributableToNoncontrollingInterest
Fact000210,LiabilitiesAndStockholdersEquity,12695000.0,USD,false,AsOf2025-06-30,0000923601,,,2025-06-30,us-gaap,LiabilitiesAndStockholdersEquity
Fact000211,LiabilitiesAndStockholdersEquity,18302000.0,USD,false,AsOf2024-12-31,0000923601,,,2024-12-31,us-gaap,LiabilitiesAndStockholdersEquity
Fact000213,RevenueFromContractWithCustomerExcludingAssessedTax,2716000.0,USD,false,From2025-04-012025-06-30,0000923601,2025-04-01,2025-06-30,,us-gaap,RevenueFromContractWithCustomerExcludingAssessedTax
Fact000214,RevenueFromContractWithCustomerExcludingAssessedTax,2440000.0,USD,false,From2024-04-012024-06-30,0000923601,2024-04-01,2024-06-30,,us-gaap,RevenueFromContractWithCustomerExcludingAssessedTax
Fact000215,RevenueFromContractWithCustomerExcludingAssessedTax,4709000.0,USD,false,From2025-01-01to2025-06-30,0000923601,2025-01-01,2025-06-30,,us-gaap,RevenueFromContractWithCustomerExcludingAssessedTax
Fact000216,RevenueFromContractWithCustomerExcludingAssessedTax,4866000.0,USD,false,From2024-01-012024-06-30,0000923601,2024-01-01,2024-06-30,,us-gaap,RevenueFromContractWithCustomerExcludingAssessedTax
Fact000218,CostOfGoodsAndServicesSold,1762000.0,USD,false,From2025-04-012025-06-30,0000923601,2025-04-01,2025-06-30,,us-gaap,CostOfGoodsAndServicesSold
Fact000219,CostOfGoodsAndServicesSold,2116000.0,USD,false,From2024-04-012024-06-30,0000923601,2024-04-01,2024-06-30,,us-gaap,CostOfGoodsAndServicesSold
Fact000220,CostOfGoodsAndServicesSold,3255000.0,USD,false,From2025-01-01to2025-06-30,0000923601,2025-01-01,2025-06-30,,us-gaap,CostOfGoodsAndServicesSold
Fact000221,CostOfGoodsAndServicesSold,4040000.0,USD,false,From2024-01-012024-06-30,0000923601,2024-01-01,2024-06-30,,us-gaap,CostOfGoodsAndServicesSold
Fact000223,GrossProfit,954000.0,USD,false,From2025-04-012025-06-30,0000923601,2025-04-01,2025-06-30,,us-gaap,GrossProfit
Fact000224,GrossProfit,324000.0,USD,false,From2024-04-012024-06-30,0000923601,2024-04-01,2024-06-30,,us-gaap,GrossProfit
Fact000225,GrossProfit,1454000.0,USD,false,From2025-01-01to2025-06-30,0000923601,2025-01-01,2025-06-30,,us-gaap,GrossProfit
Fact000226,GrossProfit,826000.0,USD,false,From2024-01-012024-06-30,0000923601,2024-01-01,2024-06-30,,us-gaap,GrossProfit
Fact000258,OperatingIncomeLoss,782000.0,USD,false,From2025-04-012025-06-30,0000923601,2025-04-01,2025-06-30,,us-gaap,OperatingIncomeLoss
Fact000259,OperatingIncomeLoss,6154000.0,USD,false,From2024-04-012024-06-30,0000923601,2024-04-01,2024-06-30,,us-gaap,OperatingIncomeLoss
Fact000260,OperatingIncomeLoss,3592000.0,USD,false,From2025-01-01to2025-06-30,0000923601,2025-01-01,2025-06-30,,us-gaap,OperatingIncomeLoss
Fact000261,OperatingIncomeLoss,8441000.0,USD,false,From2024-01-012024-06-30,0000923601,2024-01-01,2024-06-30,,us-gaap,OperatingIncomeLoss
Fact000288,NonoperatingIncomeExpense,27000.0,USD,false,From2025-04-012025-06-30,0000923601,2025-04-01,2025-06-30,,us-gaap,NonoperatingIncomeExpense
Fact000289,NonoperatingIncomeExpense,17000.0,USD,false,From2024-04-012024-06-30,0000923601,2024-04-01,2024-06-30,,us-gaap,NonoperatingIncomeExpense
Fact000290,NonoperatingIncomeExpense,6511000.0,USD,false,From2025-01-01to2025-06-30,0000923601,2025-01-01,2025-06-30,,us-gaap,NonoperatingIncomeExpense
Fact000291,NonoperatingIncomeExpense,45000.0,USD,false,From2024-01-012024-06-30,0000923601,2024-01-01,2024-06-30,,us-gaap,NonoperatingIncomeExpense
Fact000299,IncomeTaxExpenseBenefit,52000.0,USD,false,From2024-04-012024-06-30,0000923601,2024-04-01,2024-06-30,,us-gaap,IncomeTaxExpenseBenefit
Fact000308,NetIncomeLossAttributableToNoncontrollingInterest,224000.0,USD,false,From2025-04-012025-06-30,0000923601,2025-04-01,2025-06-30,,us-gaap,NetIncomeLossAttributableToNoncontrollingInterest
Fact000310,NetIncomeLossAttributableToNoncontrollingInterest,327000.0,USD,false,From2025-01-01to2025-06-30,0000923601,2025-01-01,2025-06-30,,us-gaap,NetIncomeLossAttributableToNoncontrollingInterest
Fact000313,NetIncomeLossAvailableToCommonStockholdersBasic,585000.0,USD,false,From2025-04-012025-06-30,0000923601,2025-04-01,2025-06-30,,us-gaap,NetIncomeLossAvailableToCommonStockholdersBasic
Fact000314,NetIncomeLossAvailableToCommonStockholdersBasic,6119000.0,USD,false,From2024-04-012024-06-30,0000923601,2024-04-01,2024-06-30,,us-gaap,NetIncomeLossAvailableToCommonStockholdersBasic
Fact000315,NetIncomeLossAvailableToCommonStockholdersBasic,9776000.0,USD,false,From2025-01-01to2025-06-30,0000923601,2025-01-01,2025-06-30,,us-gaap,NetIncomeLossAvailableToCommonStockholdersBasic
Fact000316,NetIncomeLossAvailableToCommonStockholdersBasic,8486000.0,USD,false,From2024-01-012024-06-30,0000923601,2024-01-01,2024-06-30,,us-gaap,NetIncomeLossAvailableToCommonStockholdersBasic
Fact000318,EarningsPerShareBasic,0.24,USDPShares,false,From2025-04-012025-06-30,0000923601,2025-04-01,2025-06-30,,us-gaap,EarningsPerShareBasic
Fact000320,EarningsPerShareDiluted,0.24,USDPShares,false,From2025-04-012025-06-30,0000923601,2025-04-01,2025-06-30,,us-gaap,EarningsPerShareDiluted
Fact000322,EarningsPerShareBasic,190.68,USDPShares,false,From2024-04-012024-06-30,0000923601,2024-04-01,2024-06-30,,us-gaap,EarningsPerShareBasic
Fact000324,EarningsPerShareDiluted,190.68,USDPShares,false,From2024-04-012024-06-30,0000923601,2024-04-01,2024-06-30,,us-gaap,EarningsPerShareDiluted
Fact000326,EarningsPerShareBasic,4.4,USDPShares,false,From2025-01-01to2025-06-30,0000923601,2025-01-01,2025-06-30,,us-gaap,EarningsPerShareBasic
Fact000328,EarningsPerShareDiluted,4.4,USDPShares,false,From2025-01-01to2025-06-30,0000923601,2025-01-01,2025-06-30,,us-gaap,EarningsPerShareDiluted
Fact000330,EarningsPerShareBasic,264.44,USDPShares,false,From2024-01-012024-06-30,0000923601,2024-01-01,2024-06-30,,us-gaap,EarningsPerShareBasic
Fact000332,EarningsPerShareDiluted,264.44,USDPShares,false,From2024-01-012024-06-30,0000923601,2024-01-01,2024-06-30,,us-gaap,EarningsPerShareDiluted
Fact000334,WeightedAverageNumberOfSharesOutstandingBasic,2472464.0,Shares,false,From2025-04-012025-06-30,0000923601,2025-04-01,2025-06-30,,us-gaap,WeightedAverageNumberOfSharesOutstandingBasic
Fact000336,WeightedAverageNumberOfDilutedSharesOutstanding,2472464.0,Shares,false,From2025-04-012025-06-30,0000923601,2025-04-01,2025-06-30,,us-gaap,WeightedAverageNumberOfDilutedSharesOutstanding
Fact000338,WeightedAverageNumberOfSharesOutstandingBasic,32090.0,Shares,false,From2024-04-012024-06-30,0000923601,2024-04-01,2024-06-30,,us-gaap,WeightedAverageNumberOfSharesOutstandingBasic
Fact000340,WeightedAverageNumberOfDilutedSharesOutstanding,32090.0,Shares,false,From2024-04-012024-06-30,0000923601,2024-04-01,2024-06-30,,us-gaap,WeightedAverageNumberOfDilutedSharesOutstanding
Fact000342,WeightedAverageNumberOfSharesOutstandingBasic,2224047.0,Shares,false,From2025-01-01to2025-06-30,0000923601,2025-01-01,2025-06-30,,us-gaap,WeightedAverageNumberOfSharesOutstandingBasic
Fact000344,WeightedAverageNumberOfDilutedSharesOutstanding,2224047.0,Shares,false,From2025-01-01to2025-06-30,0000923601,2025-01-01,2025-06-30,,us-gaap,WeightedAverageNumberOfDilutedSharesOutstanding
Fact000346,WeightedAverageNumberOfSharesOutstandingBasic,32090.0,Shares,false,From2024-01-012024-06-30,0000923601,2024-01-01,2024-06-30,,us-gaap,WeightedAverageNumberOfSharesOutstandingBasic
Fact000348,WeightedAverageNumberOfDilutedSharesOutstanding,32090.0,Shares,false,From2024-01-012024-06-30,0000923601,2024-01-01,2024-06-30,,us-gaap,WeightedAverageNumberOfDilutedSharesOutstanding
Fact000357,SharesOutstanding,2394829.0,Shares,false,AsOf2025-03-31_us-gaap_CommonStockMember,0000923601,,,2025-03-31,us-gaap,SharesOutstanding
Fact000350,StockholdersEquityIncludingPortionAttributableToNoncontrollingInterest,24000.0,USD,false,AsOf2025-03-31_us-gaap_CommonStockMember,0000923601,,,2025-03-31,us-gaap,StockholdersEquityIncludingPortionAttributableToNoncontrollingInterest
Fact000367,StockGrantedDuringPeriodValueSharebasedCompensation,38000.0,USD,false,From2025-04-012025-06-30_us-gaap_AdditionalPaidInCapitalMember,0000923601,2025-04-01,2025-06-30,,us-gaap,StockGrantedDuringPeriodValueSharebasedCompensation
Fact000391,SharesOutstanding,2514571.0,Shares,false,AsOf2025-06-30_us-gaap_CommonStockMember,0000923601,,,2025-06-30,us-gaap,SharesOutstanding
Fact000400,SharesOutstanding,6418061.0,Shares,false,AsOf2024-03-31_us-gaap_CommonStockMember,0000923601,,,2024-03-31,us-gaap,SharesOutstanding
Fact000393,StockholdersEquityIncludingPortionAttributableToNoncontrollingInterest,64000.0,USD,false,AsOf2024-03-31_us-gaap_CommonStockMember,0000923601,,,2024-03-31,us-gaap,StockholdersEquityIncludingPortionAttributableToNoncontrollingInterest
Fact000410,StockGrantedDuringPeriodValueSharebasedCompensation,17000.0,USD,false,From2024-04-012024-06-30_us-gaap_AdditionalPaidInCapitalMember,0000923601,2024-04-01,2024-06-30,,us-gaap,StockGrantedDuringPeriodValueSharebasedCompensation
Fact000423,SharesOutstanding,6418061.0,Shares,false,AsOf2024-06-30_us-gaap_CommonStockMember,0000923601,,,2024-06-30,us-gaap,SharesOutstanding
Fact000416,StockholdersEquityIncludingPortionAttributableToNoncontrollingInterest,64000.0,USD,false,AsOf2024-06-30_us-gaap_CommonStockMember,0000923601,,,2024-06-30,us-gaap,StockholdersEquityIncludingPortionAttributableToNoncontrollingInterest
Fact000432,SharesOutstanding,470825.0,Shares,false,AsOf2024-12-31_us-gaap_CommonStockMember,0000923601,,,2024-12-31,us-gaap,SharesOutstanding
Fact000457,StockIssuedDuringPeriodSharesShareBasedCompensation,23818.0,Shares,false,From2025-01-012025-06-30_us-gaap_CommonStockMember,0000923601,2025-01-01,2025-06-30,,us-gaap,StockIssuedDuringPeriodSharesShareBasedCompensation
Fact000451,StockGrantedDuringPeriodValueSharebasedCompensation,47000.0,USD,false,From2025-01-012025-06-30_us-gaap_AdditionalPaidInCapitalMember,0000923601,2025-01-01,2025-06-30,,us-gaap,StockGrantedDuringPeriodValueSharebasedCompensation
Fact000518,SharesOutstanding,6418061.0,Shares,false,AsOf2023-12-31_us-gaap_CommonStockMember,0000923601,,,2023-12-31,us-gaap,SharesOutstanding
Fact000511,StockholdersEquityIncludingPortionAttributableToNoncontrollingInterest,64000.0,USD,false,AsOf2023-12-31_us-gaap_CommonStockMember,0000923601,,,2023-12-31,us-gaap,StockholdersEquityIncludingPortionAttributableToNoncontrollingInterest
Fact000544,StockGrantedDuringPeriodValueSharebasedCompensation,36000.0,USD,false,From2024-01-012024-06-30_us-gaap_AdditionalPaidInCapitalMember,0000923601,2024-01-01,2024-06-30,,us-gaap,StockGrantedDuringPeriodValueSharebasedCompensation
Fact000577,DepreciationAndAmortization,96000.0,USD,false,From2025-01-01to2025-06-30,0000923601,2025-01-01,2025-06-30,,us-gaap,DepreciationAndAmortization
Fact000578,DepreciationAndAmortization,125000.0,USD,false,From2024-01-012024-06-30,0000923601,2024-01-01,2024-06-30,,us-gaap,DepreciationAndAmortization
Fact000607,InventoryWriteDown,4000.0,USD,false,From2025-01-01to2025-06-30,0000923601,2025-01-01,2025-06-30,,us-gaap,InventoryWriteDown
Fact000625,ShareBasedCompensation,47000.0,USD,false,From2025-01-01to2025-06-30,0000923601,2025-01-01,2025-06-30,,us-gaap,ShareBasedCompensation
Fact000626,ShareBasedCompensation,36000.0,USD,false,From2024-01-012024-06-30,0000923601,2024-01-01,2024-06-30,,us-gaap,ShareBasedCompensation
Fact000634,IncreaseDecreaseInAccountsReceivable,2372000.0,USD,false,From2025-01-01to2025-06-30,0000923601,2025-01-01,2025-06-30,,us-gaap,IncreaseDecreaseInAccountsReceivable
Fact000635,IncreaseDecreaseInAccountsReceivable,4945000.0,USD,false,From2024-01-012024-06-30,0000923601,2024-01-01,2024-06-30,,us-gaap,IncreaseDecreaseInAccountsReceivable
Fact000640,IncreaseDecreaseInAccountsReceivableRelatedParties,88000.0,USD,false,From2025-01-01to2025-06-30,0000923601,2025-01-01,2025-06-30,,us-gaap,IncreaseDecreaseInAccountsReceivableRelatedParties
Fact000641,IncreaseDecreaseInAccountsReceivableRelatedParties,145000.0,USD,false,From2024-01-012024-06-30,0000923601,2024-01-01,2024-06-30,,us-gaap,IncreaseDecreaseInAccountsReceivableRelatedParties
Fact000646,IncreaseDecreaseInPrepaidDeferredExpenseAndOtherAssets,722000.0,USD,false,From2025-01-01to2025-06-30,0000923601,2025-01-01,2025-06-30,,us-gaap,IncreaseDecreaseInPrepaidDeferredExpenseAndOtherAssets
Fact000647,IncreaseDecreaseInPrepaidDeferredExpenseAndOtherAssets,69000.0,USD,false,From2024-01-012024-06-30,0000923601,2024-01-01,2024-06-30,,us-gaap,IncreaseDecreaseInPrepaidDeferredExpenseAndOtherAssets
Fact000649,IncreaseDecreaseInOtherNoncurrentAssets,523000.0,USD,false,From2025-01-01to2025-06-30,0000923601,2025-01-01,2025-06-30,,us-gaap,IncreaseDecreaseInOtherNoncurrentAssets
Fact000650,IncreaseDecreaseInOtherNoncurrentAssets,64000.0,USD,false,From2024-01-012024-06-30,0000923601,2024-01-01,2024-06-30,,us-gaap,IncreaseDecreaseInOtherNoncurrentAssets
Fact000655,IncreaseDecreaseInAccruedLiabilities,1147000.0,USD,false,From2025-01-01to2025-06-30,0000923601,2025-01-01,2025-06-30,,us-gaap,IncreaseDecreaseInAccruedLiabilities
Fact000656,IncreaseDecreaseInAccruedLiabilities,771000.0,USD,false,From2024-01-012024-06-30,0000923601,2024-01-01,2024-06-30,,us-gaap,IncreaseDecreaseInAccruedLiabilities
Fact000667,IncreaseDecreaseInOtherCurrentLiabilities,83000.0,USD,false,From2025-01-01to2025-06-30,0000923601,2025-01-01,2025-06-30,,us-gaap,IncreaseDecreaseInOtherCurrentLiabilities
Fact000668,IncreaseDecreaseInOtherCurrentLiabilities,281000.0,USD,false,From2024-01-012024-06-30,0000923601,2024-01-01,2024-06-30,,us-gaap,IncreaseDecreaseInOtherCurrentLiabilities
Fact000670,NetCashProvidedByUsedInOperatingActivities,5436000.0,USD,false,From2025-01-01to2025-06-30,0000923601,2025-01-01,2025-06-30,,us-gaap,NetCashProvidedByUsedInOperatingActivities
Fact000671,NetCashProvidedByUsedInOperatingActivities,5410000.0,USD,false,From2024-01-012024-06-30,0000923601,2024-01-01,2024-06-30,,us-gaap,NetCashProvidedByUsedInOperatingActivities
Fact000691,CashAcquiredFromAcquisition,593000.0,USD,false,From2025-01-01to2025-06-30,0000923601,2025-01-01,2025-06-30,,us-gaap,CashAcquiredFromAcquisition
Fact000697,NetCashProvidedByUsedInInvestingActivities,1359000.0,USD,false,From2025-01-01to2025-06-30,0000923601,2025-01-01,2025-06-30,,us-gaap,NetCashProvidedByUsedInInvestingActivities
Fact000698,NetCashProvidedByUsedInInvestingActivities,6000.0,USD,false,From2024-01-012024-06-30,0000923601,2024-01-01,2024-06-30,,us-gaap,NetCashProvidedByUsedInInvestingActivities
Fact000724,NetCashProvidedByUsedInFinancingActivities,379000.0,USD,false,From2025-01-01to2025-06-30,0000923601,2025-01-01,2025-06-30,,us-gaap,NetCashProvidedByUsedInFinancingActivities
Fact000725,NetCashProvidedByUsedInFinancingActivities,42000.0,USD,false,From2024-01-012024-06-30,0000923601,2024-01-01,2024-06-30,,us-gaap,NetCashProvidedByUsedInFinancingActivities
Fact000727,CashCashEquivalentsRestrictedCashAndRestrictedCashEquivalentsPeriodIncreaseDecreaseIncludingExchangeRateEffect,6416000.0,USD,false,From2025-01-01to2025-06-30,0000923601,2025-01-01,2025-06-30,,us-gaap,CashCashEquivalentsRestrictedCashAndRestrictedCashEquivalentsPeriodIncreaseDecreaseIncludingExchangeRateEffect
Fact000728,CashCashEquivalentsRestrictedCashAndRestrictedCashEquivalentsPeriodIncreaseDecreaseIncludingExchangeRateEffect,5458000.0,USD,false,From2024-01-012024-06-30,0000923601,2024-01-01,2024-06-30,,us-gaap,CashCashEquivalentsRestrictedCashAndRestrictedCashEquivalentsPeriodIncreaseDecreaseIncludingExchangeRateEffect
Fact000730,CashCashEquivalentsRestrictedCashAndRestrictedCashEquivalentsIncludingDisposalGroupAndDiscontinuedOperations,7550000.0,USD,false,AsOf2024-12-31,0000923601,,,2024-12-31,us-gaap,CashCashEquivalentsRestrictedCashAndRestrictedCashEquivalentsIncludingDisposalGroupAndDiscontinuedOperations
Fact000731,CashCashEquivalentsRestrictedCashAndRestrictedCashEquivalentsIncludingDisposalGroupAndDiscontinuedOperations,6703000.0,USD,false,AsOf2023-12-31,0000923601,,,2023-12-31,us-gaap,CashCashEquivalentsRestrictedCashAndRestrictedCashEquivalentsIncludingDisposalGroupAndDiscontinuedOperations
Fact000733,CashCashEquivalentsRestrictedCashAndRestrictedCashEquivalentsIncludingDisposalGroupAndDiscontinuedOperations,1134000.0,USD,false,AsOf2025-06-30,0000923601,,,2025-06-30,us-gaap,CashCashEquivalentsRestrictedCashAndRestrictedCashEquivalentsIncludingDisposalGroupAndDiscontinuedOperations
Fact000734,CashCashEquivalentsRestrictedCashAndRestrictedCashEquivalentsIncludingDisposalGroupAndDiscontinuedOperations,1245000.0,USD,false,AsOf2024-06-30,0000923601,,,2024-06-30,us-gaap,CashCashEquivalentsRestrictedCashAndRestrictedCashEquivalentsIncludingDisposalGroupAndDiscontinuedOperations
Fact000770,NoncashOrPartNoncashAcquisitionNoncashFinancialOrEquityInstrumentConsiderationSharesIssued1,119742.0,Shares,false,From2025-05-022025-05-02_custom_SemiCabIncMember_custom_EquityPurchaseAgreementMember,0000923601,2025-05-02,2025-05-02,,us-gaap,NoncashOrPartNoncashAcquisitionNoncashFinancialOrEquityInstrumentConsiderationSharesIssued1
Fact000844,OtherFiniteLivedIntangibleAssetsGross,325000.0,USD,false,AsOf2025-06-30,0000923601,,,2025-06-30,us-gaap,OtherFiniteLivedIntangibleAssetsGross
Fact000845,OtherFiniteLivedIntangibleAssetsGross,325000.0,USD,false,AsOf2024-12-31,0000923601,,,2024-12-31,us-gaap,OtherFiniteLivedIntangibleAssetsGross
Fact000851,FiniteLivedIntangibleAssetsGross,375000.0,USD,false,AsOf2025-06-30,0000923601,,,2025-06-30,us-gaap,FiniteLivedIntangibleAssetsGross
Fact000852,FiniteLivedIntangibleAssetsGross,375000.0,USD,false,AsOf2024-12-31,0000923601,,,2024-12-31,us-gaap,FiniteLivedIntangibleAssetsGross
Fact000854,FiniteLivedIntangibleAssetsAccumulatedAmortization,60000.0,USD,false,AsOf2025-06-30,0000923601,,,2025-06-30,us-gaap,FiniteLivedIntangibleAssetsAccumulatedAmortization
Fact000855,FiniteLivedIntangibleAssetsAccumulatedAmortization,30000.0,USD,false,AsOf2024-12-31,0000923601,,,2024-12-31,us-gaap,FiniteLivedIntangibleAssetsAccumulatedAmortization
Fact000860,OtherDepreciationAndAmortization,17000.0,USD,false,From2025-04-012025-06-30,0000923601,2025-04-01,2025-06-30,,us-gaap,OtherDepreciationAndAmortization
Fact000862,OtherDepreciationAndAmortization,32000.0,USD,false,From2025-01-01to2025-06-30,0000923601,2025-01-01,2025-06-30,,us-gaap,OtherDepreciationAndAmortization
Fact000878,InterestExpense,15000.0,USD,false,From2025-04-012025-06-30_us-gaap_RelatedPartyMember,0000923601,2025-04-01,2025-06-30,,us-gaap,InterestExpense
Fact000880,InterestExpense,31000.0,USD,false,From2025-01-012025-06-30_us-gaap_RelatedPartyMember,0000923601,2025-01-01,2025-06-30,,us-gaap,InterestExpense
Fact000973,AccruedLiabilitiesCurrentAndNoncurrent,325000.0,USD,false,AsOf2024-12-31,0000923601,,,2024-12-31,us-gaap,AccruedLiabilitiesCurrentAndNoncurrent
Fact001001,AccruedLiabilitiesCurrentAndNoncurrent,509119.0,USD,false,AsOf2025-06-30_custom_BlueYonderIncMember,0000923601,,,2025-06-30,us-gaap,AccruedLiabilitiesCurrentAndNoncurrent
Fact001007,ShareBasedCompensationArrangementByShareBasedPaymentAwardNumberOfSharesAuthorized,1667.0,Shares,false,AsOf2025-06-30_custom_TwoThousandTwentyTwoPlanMember,0000923601,,,2025-06-30,us-gaap,ShareBasedCompensationArrangementByShareBasedPaymentAwardNumberOfSharesAuthorized
Fact001009,ShareBasedCompensationArrangementByShareBasedPaymentAwardSharesIssuedInPeriod,1183.0,Shares,false,From2025-01-012025-06-30_custom_TwoThousandTwentyTwoPlanMember,0000923601,2025-01-01,2025-06-30,,us-gaap,ShareBasedCompensationArrangementByShareBasedPaymentAwardSharesIssuedInPeriod
Fact001011,ShareBasedCompensationArrangementByShareBasedPaymentAwardNumberOfSharesAvailableForGrant,484.0,Shares,false,AsOf2025-06-30_custom_TwoThousandTwentyTwoPlanMember,0000923601,,,2025-06-30,us-gaap,ShareBasedCompensationArrangementByShareBasedPaymentAwardNumberOfSharesAvailableForGrant
Fact001013,EmployeeServiceShareBasedCompensationNonvestedAwardsTotalCompensationCostNotYetRecognizedStockOptions,60000.0,USD,false,AsOf2025-06-30,0000923601,,,2025-06-30,us-gaap,EmployeeServiceShareBasedCompensationNonvestedAwardsTotalCompensationCostNotYetRecognizedStockOptions
Fact001073,AntidilutiveSecuritiesExcludedFromComputationOfEarningsPerShareAmount,484.0,Shares,false,From2025-04-012025-06-30_us-gaap_EmployeeStockOptionMember,0000923601,2025-04-01,2025-06-30,,us-gaap,AntidilutiveSecuritiesExcludedFromComputationOfEarningsPerShareAmount
Fact001075,AntidilutiveSecuritiesExcludedFromComputationOfEarningsPerShareAmount,484.0,Shares,false,From2025-01-012025-06-30_us-gaap_EmployeeStockOptionMember,0000923601,2025-01-01,2025-06-30,,us-gaap,AntidilutiveSecuritiesExcludedFromComputationOfEarningsPerShareAmount
Fact001081,AntidilutiveSecuritiesExcludedFromComputationOfEarningsPerShareAmount,543.0,Shares,false,From2024-04-012024-06-30_us-gaap_EmployeeStockOptionMember,0000923601,2024-04-01,2024-06-30,,us-gaap,AntidilutiveSecuritiesExcludedFromComputationOfEarningsPerShareAmount
Fact001083,AntidilutiveSecuritiesExcludedFromComputationOfEarningsPerShareAmount,543.0,Shares,false,From2024-01-012024-06-30_us-gaap_EmployeeStockOptionMember,0000923601,2024-01-01,2024-06-30,,us-gaap,AntidilutiveSecuritiesExcludedFromComputationOfEarningsPerShareAmount
Fact001132,InterestExpenseLongTermDebt,11000.0,USD,false,From2025-06-172025-06-17_custom_SecuritiesPurchaseAgreementMember_custom_ThousandEightHundredDiagonalLendingLLCMember,0000923601,2025-06-17,2025-06-17,,us-gaap,InterestExpenseLongTermDebt
Fact001276,IncomeTaxExpenseBenefit,52000.0,USD,false,From2025-04-012025-06-30_us-gaap_DomesticCountryMember,0000923601,2025-04-01,2025-06-30,,us-gaap,IncomeTaxExpenseBenefit
Fact001278,IncomeTaxExpenseBenefit,52000.0,USD,false,From2025-01-012025-06-30_us-gaap_DomesticCountryMember,0000923601,2025-01-01,2025-06-30,,us-gaap,IncomeTaxExpenseBenefit
Fact001284,Revenues,1564000.0,USD,false,From2025-04-012025-06-30_us-gaap_OperatingSegmentsMember_custom_SingingMachineMember,0000923601,2025-04-01,2025-06-30,,us-gaap,Revenues
Fact001287,Revenues,2440000.0,USD,false,From2024-04-012024-06-30_us-gaap_OperatingSegmentsMember_custom_SingingMachineMember,0000923601,2024-04-01,2024-06-30,,us-gaap,Revenues
Fact001290,Revenues,3434000.0,USD,false,From2025-01-012025-06-30_us-gaap_OperatingSegmentsMember_custom_SingingMachineMember,0000923601,2025-01-01,2025-06-30,,us-gaap,Revenues
Fact001293,Revenues,4866000.0,USD,false,From2024-01-012024-06-30_us-gaap_OperatingSegmentsMember_custom_SingingMachineMember,0000923601,2024-01-01,2024-06-30,,us-gaap,Revenues
Fact001297,CostOfRevenue,270000.0,USD,false,From2025-04-012025-06-30_us-gaap_OperatingSegmentsMember_custom_SingingMachineMember,0000923601,2025-04-01,2025-06-30,,us-gaap,CostOfRevenue
Fact001300,CostOfRevenue,2116000.0,USD,false,From2024-04-012024-06-30_us-gaap_OperatingSegmentsMember_custom_SingingMachineMember,0000923601,2024-04-01,2024-06-30,,us-gaap,CostOfRevenue
Fact001303,CostOfRevenue,1634000.0,USD,false,From2025-01-012025-06-30_us-gaap_OperatingSegmentsMember_custom_SingingMachineMember,0000923601,2025-01-01,2025-06-30,,us-gaap,CostOfRevenue
Fact001306,CostOfRevenue,4040000.0,USD,false,From2024-01-012024-06-30_us-gaap_OperatingSegmentsMember_custom_SingingMachineMember,0000923601,2024-01-01,2024-06-30,,us-gaap,CostOfRevenue
Fact001336,DepreciationAndAmortization,28000.0,USD,false,From2025-04-012025-06-30_us-gaap_OperatingSegmentsMember_custom_SingingMachineMember,0000923601,2025-04-01,2025-06-30,,us-gaap,DepreciationAndAmortization
Fact001339,DepreciationAndAmortization,54000.0,USD,false,From2024-04-012024-06-30_us-gaap_OperatingSegmentsMember_custom_SingingMachineMember,0000923601,2024-04-01,2024-06-30,,us-gaap,DepreciationAndAmortization
Fact001362,ShareBasedCompensation,38000.0,USD,false,From2025-04-012025-06-30_us-gaap_OperatingSegmentsMember_custom_SingingMachineMember,0000923601,2025-04-01,2025-06-30,,us-gaap,ShareBasedCompensation
Fact001365,ShareBasedCompensation,17000.0,USD,false,From2024-04-012024-06-30_us-gaap_OperatingSegmentsMember_custom_SingingMachineMember,0000923601,2024-04-01,2024-06-30,,us-gaap,ShareBasedCompensation
Fact001417,InterestExpense,17000.0,USD,false,From2024-04-012024-06-30_us-gaap_OperatingSegmentsMember_custom_SingingMachineMember,0000923601,2024-04-01,2024-06-30,,us-gaap,InterestExpense
Fact001423,InterestExpense,45000.0,USD,false,From2024-01-012024-06-30_us-gaap_OperatingSegmentsMember_custom_SingingMachineMember,0000923601,2024-01-01,2024-06-30,,us-gaap,InterestExpense
Fact001453,NetIncomeLoss,310000.0,USD,false,From2025-04-012025-06-30_us-gaap_OperatingSegmentsMember_custom_SingingMachineMember,0000923601,2025-04-01,2025-06-30,,us-gaap,NetIncomeLoss
Fact001456,NetIncomeLoss,6119000.0,USD,false,From2024-04-012024-06-30_us-gaap_OperatingSegmentsMember_custom_SingingMachineMember,0000923601,2024-04-01,2024-06-30,,us-gaap,NetIncomeLoss
Fact001459,NetIncomeLoss,8467000.0,USD,false,From2025-01-012025-06-30_us-gaap_OperatingSegmentsMember_custom_SingingMachineMember,0000923601,2025-01-01,2025-06-30,,us-gaap,NetIncomeLoss
Fact001462,NetIncomeLoss,8486000.0,USD,false,From2024-01-012024-06-30_us-gaap_OperatingSegmentsMember_custom_SingingMachineMember,0000923601,2024-01-01,2024-06-30,,us-gaap,NetIncomeLoss
Fact001472,Assets,12367000.0,USD,false,AsOf2024-06-30_us-gaap_OperatingSegmentsMember_custom_SingingMachineMember,0000923601,,,2024-06-30,us-gaap,Assets
Fact001669,BusinessCombinationRecognizedIdentifiableAssetsAcquiredAndLiabilitiesAssumedNoncurrentLiabilitiesLongTermDebt,2008000.0,USD,false,AsOf2025-05-02_custom_SMCBAcquisitionMember,0000923601,,,2025-05-02,us-gaap,BusinessCombinationRecognizedIdentifiableAssetsAcquiredAndLiabilitiesAssumedNoncurrentLiabilitiesLongTermDebt
Fact001673,BusinessCombinationRecognizedIdentifiableAssetsAcquiredAndLiabilitiesAssumedCashAndEquivalents,593000.0,USD,false,AsOf2025-05-02_custom_SMCBAcquisitionMember,0000923601,,,2025-05-02,us-gaap,BusinessCombinationRecognizedIdentifiableAssetsAcquiredAndLiabilitiesAssumedCashAndEquivalents
Fact001675,BusinessCombinationRecognizedIdentifiableAssetsAcquiredAndLiabilitiesAssumedCurrentAssetsReceivables,319000.0,USD,false,AsOf2025-05-02_custom_SMCBAcquisitionMember,0000923601,,,2025-05-02,us-gaap,BusinessCombinationRecognizedIdentifiableAssetsAcquiredAndLiabilitiesAssumedCurrentAssetsReceivables
Fact001677,BusinessCombinationRecognizedIdentifiableAssetsAcquiredAndLiabilitiesAssumedCurrentAssetsPrepaidExpenseAndOtherAssets,377000.0,USD,false,AsOf2025-05-02_custom_SMCBAcquisitionMember,0000923601,,,2025-05-02,us-gaap,BusinessCombinationRecognizedIdentifiableAssetsAcquiredAndLiabilitiesAssumedCurrentAssetsPrepaidExpenseAndOtherAssets
Fact001679,BusinessCombinationRecognizedIdentifiableAssetsAcquiredAndLiabilitiesAssumedPropertyPlantAndEquipment,11000.0,USD,false,AsOf2025-05-02_custom_SMCBAcquisitionMember,0000923601,,,2025-05-02,us-gaap,BusinessCombinationRecognizedIdentifiableAssetsAcquiredAndLiabilitiesAssumedPropertyPlantAndEquipment
Fact001681,BusinessCombinationRecognizedIdentifiableAssetsAcquiredAndLiabilitiesAssumedOtherNoncurrentAssets,489000.0,USD,false,AsOf2025-05-02_custom_SMCBAcquisitionMember,0000923601,,,2025-05-02,us-gaap,BusinessCombinationRecognizedIdentifiableAssetsAcquiredAndLiabilitiesAssumedOtherNoncurrentAssets
Fact001683,BusinessCombinationRecognizedIdentifiableAssetsAcquiredAndLiabilitiesAssumedCurrentLiabilitiesAccountsPayable,372000.0,USD,false,AsOf2025-05-02_custom_SMCBAcquisitionMember,0000923601,,,2025-05-02,us-gaap,BusinessCombinationRecognizedIdentifiableAssetsAcquiredAndLiabilitiesAssumedCurrentLiabilitiesAccountsPayable
Fact001685,BusinessCombinationRecognizedIdentifiableAssetsAcquiredAndLiabilitiesAssumedCurrentLiabilitiesOther,975000.0,USD,false,AsOf2025-05-02_custom_SMCBAcquisitionMember,0000923601,,,2025-05-02,us-gaap,BusinessCombinationRecognizedIdentifiableAssetsAcquiredAndLiabilitiesAssumedCurrentLiabilitiesOther
Fact001687,BusinessCombinationRecognizedIdentifiableAssetsAcquiredAndLiabilitiesAssumedNet,442000.0,USD,false,AsOf2025-05-02_custom_SMCBAcquisitionMember,0000923601,,,2025-05-02,us-gaap,BusinessCombinationRecognizedIdentifiableAssetsAcquiredAndLiabilitiesAssumedNet
Fact001689,BusinessCombinationRecognizedIdentifiableAssetsAcquiredGoodwillAndLiabilitiesAssumedNet,3632000.0,USD,false,AsOf2025-05-02_custom_SMCBAcquisitionMember,0000923601,,,2025-05-02,us-gaap,BusinessCombinationRecognizedIdentifiableAssetsAcquiredGoodwillAndLiabilitiesAssumedNet
Fact001693,BusinessAcquisitionsProFormaRevenue,7438000.0,USD,false,From2025-01-01to2025-06-30,0000923601,2025-01-01,2025-06-30,,us-gaap,BusinessAcquisitionsProFormaRevenue
Fact001694,BusinessAcquisitionsProFormaRevenue,6135000.0,USD,false,From2024-01-012024-06-30,0000923601,2024-01-01,2024-06-30,,us-gaap,BusinessAcquisitionsProFormaRevenue
Fact001699,BusinessAcquisitionsProFormaNetIncomeLoss,11313000.0,USD,false,From2025-01-01to2025-06-30,0000923601,2025-01-01,2025-06-30,,us-gaap,BusinessAcquisitionsProFormaNetIncomeLoss
Fact001700,BusinessAcquisitionsProFormaNetIncomeLoss,8735000.0,USD,false,From2024-01-012024-06-30,0000923601,2024-01-01,2024-06-30,,us-gaap,BusinessAcquisitionsProFormaNetIncomeLoss
Fact001723,Cash,6703000.0,USD,false,AsOf2023-12-31_srt_ScenarioPreviouslyReportedMember,0000923601,,,2023-12-31,us-gaap,Cash
Fact001730,AllowanceForDoubtfulAccountsReceivableCurrent,174000.0,USD,false,AsOf2023-12-31_srt_ScenarioPreviouslyReportedMember,0000923601,,,2023-12-31,us-gaap,AllowanceForDoubtfulAccountsReceivableCurrent
Fact001726,AccountsReceivableNet,7308000.0,USD,false,AsOf2023-12-31_srt_ScenarioPreviouslyReportedMember_us-gaap_NonrelatedPartyMember,0000923601,,,2023-12-31,us-gaap,AccountsReceivableNet
Fact001745,InventoryNet,6871000.0,USD,false,AsOf2023-12-31_srt_ScenarioPreviouslyReportedMember,0000923601,,,2023-12-31,us-gaap,InventoryNet
Fact001748,OtherAssetsCurrent,1919000.0,USD,false,AsOf2023-12-31_srt_ScenarioPreviouslyReportedMember,0000923601,,,2023-12-31,us-gaap,OtherAssetsCurrent
Fact001751,PrepaidExpenseAndOtherAssetsCurrent,136000.0,USD,false,AsOf2023-12-31_srt_ScenarioPreviouslyReportedMember,0000923601,,,2023-12-31,us-gaap,PrepaidExpenseAndOtherAssetsCurrent
Fact001754,AssetsCurrent,23206000.0,USD,false,AsOf2023-12-31_srt_ScenarioPreviouslyReportedMember,0000923601,,,2023-12-31,us-gaap,AssetsCurrent
Fact001763,OtherAssetsNoncurrent,179000.0,USD,false,AsOf2023-12-31_srt_ScenarioPreviouslyReportedMember,0000923601,,,2023-12-31,us-gaap,OtherAssetsNoncurrent
Fact001772,Assets,27715000.0,USD,false,AsOf2023-12-31_srt_ScenarioPreviouslyReportedMember,0000923601,,,2023-12-31,us-gaap,Assets
Fact001784,AccruedLiabilitiesCurrent,2614000.0,USD,false,AsOf2023-12-31_srt_ScenarioPreviouslyReportedMember,0000923601,,,2023-12-31,us-gaap,AccruedLiabilitiesCurrent
Fact001805,OtherLiabilitiesCurrent,159000.0,USD,false,AsOf2023-12-31_srt_ScenarioPreviouslyReportedMember,0000923601,,,2023-12-31,us-gaap,OtherLiabilitiesCurrent
Fact001808,LiabilitiesCurrent,16209000.0,USD,false,AsOf2023-12-31_srt_ScenarioPreviouslyReportedMember,0000923601,,,2023-12-31,us-gaap,LiabilitiesCurrent
Fact001817,OtherLiabilitiesNoncurrent,3000.0,USD,false,AsOf2023-12-31_srt_ScenarioPreviouslyReportedMember,0000923601,,,2023-12-31,us-gaap,OtherLiabilitiesNoncurrent
Fact001820,Liabilities,20137000.0,USD,false,AsOf2023-12-31_srt_ScenarioPreviouslyReportedMember,0000923601,,,2023-12-31,us-gaap,Liabilities
Fact001864,CommonStockSharesOutstanding,32090.0,Shares,false,AsOf2023-12-31_srt_ScenarioPreviouslyReportedMember,0000923601,,,2023-12-31,us-gaap,CommonStockSharesOutstanding
Fact001870,RetainedEarningsAccumulatedDeficit,25915000.0,USD,false,AsOf2023-12-31_srt_ScenarioPreviouslyReportedMember,0000923601,,,2023-12-31,us-gaap,RetainedEarningsAccumulatedDeficit
Fact001879,LiabilitiesAndStockholdersEquity,27715000.0,USD,false,AsOf2023-12-31_srt_ScenarioPreviouslyReportedMember,0000923601,,,2023-12-31,us-gaap,LiabilitiesAndStockholdersEquity
Fact001881,RevenueFromContractWithCustomerExcludingAssessedTax,23494000.0,USD,false,From2024-01-012024-12-31_srt_ScenarioPreviouslyReportedMember,0000923601,2024-01-01,2024-12-31,,us-gaap,RevenueFromContractWithCustomerExcludingAssessedTax
Fact001882,RevenueFromContractWithCustomerExcludingAssessedTax,29198000.0,USD,false,From2023-04-012023-12-31_srt_ScenarioPreviouslyReportedMember,0000923601,2023-04-01,2023-12-31,,us-gaap,RevenueFromContractWithCustomerExcludingAssessedTax
Fact001884,CostOfGoodsAndServicesSold,18713000.0,USD,false,From2024-01-012024-12-31_srt_ScenarioPreviouslyReportedMember,0000923601,2024-01-01,2024-12-31,,us-gaap,CostOfGoodsAndServicesSold
Fact001885,CostOfGoodsAndServicesSold,23008000.0,USD,false,From2023-04-012023-12-31_srt_ScenarioPreviouslyReportedMember,0000923601,2023-04-01,2023-12-31,,us-gaap,CostOfGoodsAndServicesSold
Fact001887,GrossProfit,4781000.0,USD,false,From2024-01-012024-12-31_srt_ScenarioPreviouslyReportedMember,0000923601,2024-01-01,2024-12-31,,us-gaap,GrossProfit
Fact001888,GrossProfit,6190000.0,USD,false,From2023-04-012023-12-31_srt_ScenarioPreviouslyReportedMember,0000923601,2023-04-01,2023-12-31,,us-gaap,GrossProfit
Fact001905,OperatingIncomeLoss,13925000.0,USD,false,From2024-01-012024-12-31_srt_ScenarioPreviouslyReportedMember,0000923601,2024-01-01,2024-12-31,,us-gaap,OperatingIncomeLoss
Fact001906,OperatingIncomeLoss,6143000.0,USD,false,From2023-04-012023-12-31_srt_ScenarioPreviouslyReportedMember,0000923601,2023-04-01,2023-12-31,,us-gaap,OperatingIncomeLoss
Fact001923,NonoperatingIncomeExpense,10442000.0,USD,false,From2024-01-012024-12-31_srt_ScenarioPreviouslyReportedMember,0000923601,2024-01-01,2024-12-31,,us-gaap,NonoperatingIncomeExpense
Fact001924,NonoperatingIncomeExpense,255000.0,USD,false,From2023-04-012023-12-31_srt_ScenarioPreviouslyReportedMember,0000923601,2023-04-01,2023-12-31,,us-gaap,NonoperatingIncomeExpense
Fact001935,NetIncomeLossAttributableToNoncontrollingInterest,1110000.0,USD,false,From2024-01-012024-12-31_srt_ScenarioPreviouslyReportedMember,0000923601,2024-01-01,2024-12-31,,us-gaap,NetIncomeLossAttributableToNoncontrollingInterest
Fact001938,NetIncomeLossAvailableToCommonStockholdersBasic,23257000.0,USD,false,From2024-01-012024-12-31_srt_ScenarioPreviouslyReportedMember,0000923601,2024-01-01,2024-12-31,,us-gaap,NetIncomeLossAvailableToCommonStockholdersBasic
Fact001939,NetIncomeLossAvailableToCommonStockholdersBasic,6398000.0,USD,false,From2023-04-012023-12-31_srt_ScenarioPreviouslyReportedMember,0000923601,2023-04-01,2023-12-31,,us-gaap,NetIncomeLossAvailableToCommonStockholdersBasic
Fact001941,EarningsPerShareBasic,353.87,USDPShares,false,From2024-01-012024-12-31_srt_ScenarioPreviouslyReportedMember,0000923601,2024-01-01,2024-12-31,,us-gaap,EarningsPerShareBasic
Fact001943,EarningsPerShareDiluted,353.87,USDPShares,false,From2024-01-012024-12-31_srt_ScenarioPreviouslyReportedMember,0000923601,2024-01-01,2024-12-31,,us-gaap,EarningsPerShareDiluted
Fact001945,EarningsPerShareBasic,263.04,USDPShares,false,From2023-04-012023-12-31_srt_ScenarioPreviouslyReportedMember,0000923601,2023-04-01,2023-12-31,,us-gaap,EarningsPerShareBasic
Fact001947,EarningsPerShareDiluted,263.04,USDPShares,false,From2023-04-012023-12-31_srt_ScenarioPreviouslyReportedMember,0000923601,2023-04-01,2023-12-31,,us-gaap,EarningsPerShareDiluted
Fact001949,WeightedAverageNumberOfSharesOutstandingBasic,65722.0,Shares,false,From2024-01-012024-12-31_srt_ScenarioPreviouslyReportedMember,0000923601,2024-01-01,2024-12-31,,us-gaap,WeightedAverageNumberOfSharesOutstandingBasic
Fact001951,WeightedAverageNumberOfDilutedSharesOutstanding,65722.0,Shares,false,From2024-01-012024-12-31_srt_ScenarioPreviouslyReportedMember,0000923601,2024-01-01,2024-12-31,,us-gaap,WeightedAverageNumberOfDilutedSharesOutstanding
Fact001953,WeightedAverageNumberOfSharesOutstandingBasic,24323.0,Shares,false,From2023-04-012023-12-31_srt_ScenarioPreviouslyReportedMember,0000923601,2023-04-01,2023-12-31,,us-gaap,WeightedAverageNumberOfSharesOutstandingBasic
Fact001955,WeightedAverageNumberOfDilutedSharesOutstanding,24323.0,Shares,false,From2023-04-012023-12-31_srt_ScenarioPreviouslyReportedMember,0000923601,2023-04-01,2023-12-31,,us-gaap,WeightedAverageNumberOfDilutedSharesOutstanding
Fact001963,SharesOutstanding,15837.0,Shares,false,AsOf2023-03-31_us-gaap_CommonStockMember_srt_ScenarioPreviouslyReportedMember,0000923601,,,2023-03-31,us-gaap,SharesOutstanding
Fact001958,StockholdersEquityIncludingPortionAttributableToNoncontrollingInterest,29848000.0,USD,false,AsOf2023-03-31_us-gaap_AdditionalPaidInCapitalMember_srt_ScenarioPreviouslyReportedMember,0000923601,,,2023-03-31,us-gaap,StockholdersEquityIncludingPortionAttributableToNoncontrollingInterest
Fact001980,StockGrantedDuringPeriodValueSharebasedCompensation,110000.0,USD,false,From2023-04-012023-12-31_us-gaap_AdditionalPaidInCapitalMember_srt_ScenarioPreviouslyReportedMember,0000923601,2023-04-01,2023-12-31,,us-gaap,StockGrantedDuringPeriodValueSharebasedCompensation
Fact002027,StockIssuedDuringPeriodSharesShareBasedCompensation,5099.0,Shares,false,From2024-01-012024-12-31_us-gaap_CommonStockMember_srt_ScenarioPreviouslyReportedMember,0000923601,2024-01-01,2024-12-31,,us-gaap,StockIssuedDuringPeriodSharesShareBasedCompensation
Fact002022,StockGrantedDuringPeriodValueSharebasedCompensation,630000.0,USD,false,From2024-01-012024-12-31_us-gaap_AdditionalPaidInCapitalMember_srt_ScenarioPreviouslyReportedMember,0000923601,2024-01-01,2024-12-31,,us-gaap,StockGrantedDuringPeriodValueSharebasedCompensation
Fact002082,DepreciationAndAmortization,192000.0,USD,false,From2024-01-012024-12-31_srt_ScenarioPreviouslyReportedMember,0000923601,2024-01-01,2024-12-31,,us-gaap,DepreciationAndAmortization
Fact002083,DepreciationAndAmortization,287000.0,USD,false,From2023-04-012023-12-31_srt_ScenarioPreviouslyReportedMember,0000923601,2023-04-01,2023-12-31,,us-gaap,DepreciationAndAmortization
Fact002085,DeferredIncomeTaxExpenseBenefit,30000.0,USD,false,From2024-01-012024-12-31_srt_ScenarioPreviouslyReportedMember,0000923601,2024-01-01,2024-12-31,,us-gaap,DeferredIncomeTaxExpenseBenefit
Fact002109,InventoryWriteDown,918000.0,USD,false,From2024-01-012024-12-31_srt_ScenarioPreviouslyReportedMember,0000923601,2024-01-01,2024-12-31,,us-gaap,InventoryWriteDown
Fact002110,InventoryWriteDown,1798000.0,USD,false,From2023-04-012023-12-31_srt_ScenarioPreviouslyReportedMember,0000923601,2023-04-01,2023-12-31,,us-gaap,InventoryWriteDown
Fact002124,ShareBasedCompensation,630000.0,USD,false,From2024-01-012024-12-31_srt_ScenarioPreviouslyReportedMember,0000923601,2024-01-01,2024-12-31,,us-gaap,ShareBasedCompensation
Fact002125,ShareBasedCompensation,110000.0,USD,false,From2023-04-012023-12-31_srt_ScenarioPreviouslyReportedMember,0000923601,2023-04-01,2023-12-31,,us-gaap,ShareBasedCompensation
Fact002133,IncreaseDecreaseInAccountsReceivable,3114000.0,USD,false,From2024-01-012024-12-31_srt_ScenarioPreviouslyReportedMember,0000923601,2024-01-01,2024-12-31,,us-gaap,IncreaseDecreaseInAccountsReceivable
Fact002134,IncreaseDecreaseInAccountsReceivable,5241000.0,USD,false,From2023-04-012023-12-31_srt_ScenarioPreviouslyReportedMember,0000923601,2023-04-01,2023-12-31,,us-gaap,IncreaseDecreaseInAccountsReceivable
Fact002136,IncreaseDecreaseInAccountsReceivableRelatedParties,57000.0,USD,false,From2024-01-012024-12-31_srt_ScenarioPreviouslyReportedMember,0000923601,2024-01-01,2024-12-31,,us-gaap,IncreaseDecreaseInAccountsReceivableRelatedParties
Fact002137,IncreaseDecreaseInAccountsReceivableRelatedParties,30000.0,USD,false,From2023-04-012023-12-31_srt_ScenarioPreviouslyReportedMember,0000923601,2023-04-01,2023-12-31,,us-gaap,IncreaseDecreaseInAccountsReceivableRelatedParties
Fact002142,IncreaseDecreaseInPrepaidDeferredExpenseAndOtherAssets,29000.0,USD,false,From2024-01-012024-12-31_srt_ScenarioPreviouslyReportedMember,0000923601,2024-01-01,2024-12-31,,us-gaap,IncreaseDecreaseInPrepaidDeferredExpenseAndOtherAssets
Fact002143,IncreaseDecreaseInPrepaidDeferredExpenseAndOtherAssets,215000.0,USD,false,From2023-04-012023-12-31_srt_ScenarioPreviouslyReportedMember,0000923601,2023-04-01,2023-12-31,,us-gaap,IncreaseDecreaseInPrepaidDeferredExpenseAndOtherAssets
Fact002146,IncreaseDecreaseInOtherNoncurrentAssets,76000.0,USD,false,From2023-04-012023-12-31_srt_ScenarioPreviouslyReportedMember,0000923601,2023-04-01,2023-12-31,,us-gaap,IncreaseDecreaseInOtherNoncurrentAssets
Fact002151,IncreaseDecreaseInAccruedLiabilities,1076000.0,USD,false,From2024-01-012024-12-31_srt_ScenarioPreviouslyReportedMember,0000923601,2024-01-01,2024-12-31,,us-gaap,IncreaseDecreaseInAccruedLiabilities
Fact002152,IncreaseDecreaseInAccruedLiabilities,348000.0,USD,false,From2023-04-012023-12-31_srt_ScenarioPreviouslyReportedMember,0000923601,2023-04-01,2023-12-31,,us-gaap,IncreaseDecreaseInAccruedLiabilities
Fact002163,NetCashProvidedByUsedInOperatingActivities,8556000.0,USD,false,From2024-01-012024-12-31_srt_ScenarioPreviouslyReportedMember,0000923601,2024-01-01,2024-12-31,,us-gaap,NetCashProvidedByUsedInOperatingActivities
Fact002164,NetCashProvidedByUsedInOperatingActivities,411000.0,USD,false,From2023-04-012023-12-31_srt_ScenarioPreviouslyReportedMember,0000923601,2023-04-01,2023-12-31,,us-gaap,NetCashProvidedByUsedInOperatingActivities
Fact002184,NetCashProvidedByUsedInInvestingActivities,2245000.0,USD,false,From2024-01-012024-12-31_srt_ScenarioPreviouslyReportedMember,0000923601,2024-01-01,2024-12-31,,us-gaap,NetCashProvidedByUsedInInvestingActivities
Fact002185,NetCashProvidedByUsedInInvestingActivities,14000.0,USD,false,From2023-04-012023-12-31_srt_ScenarioPreviouslyReportedMember,0000923601,2023-04-01,2023-12-31,,us-gaap,NetCashProvidedByUsedInInvestingActivities
Fact002208,NetCashProvidedByUsedInFinancingActivities,11648000.0,USD,false,From2024-01-012024-12-31_srt_ScenarioPreviouslyReportedMember,0000923601,2024-01-01,2024-12-31,,us-gaap,NetCashProvidedByUsedInFinancingActivities
Fact002209,NetCashProvidedByUsedInFinancingActivities,3411000.0,USD,false,From2023-04-012023-12-31_srt_ScenarioPreviouslyReportedMember,0000923601,2023-04-01,2023-12-31,,us-gaap,NetCashProvidedByUsedInFinancingActivities
Fact002211,CashCashEquivalentsRestrictedCashAndRestrictedCashEquivalentsPeriodIncreaseDecreaseIncludingExchangeRateEffect,847000.0,USD,false,From2024-01-012024-12-31_srt_ScenarioPreviouslyReportedMember,0000923601,2024-01-01,2024-12-31,,us-gaap,CashCashEquivalentsRestrictedCashAndRestrictedCashEquivalentsPeriodIncreaseDecreaseIncludingExchangeRateEffect
Fact002212,CashCashEquivalentsRestrictedCashAndRestrictedCashEquivalentsPeriodIncreaseDecreaseIncludingExchangeRateEffect,3808000.0,USD,false,From2023-04-012023-12-31_srt_ScenarioPreviouslyReportedMember,0000923601,2023-04-01,2023-12-31,,us-gaap,CashCashEquivalentsRestrictedCashAndRestrictedCashEquivalentsPeriodIncreaseDecreaseIncludingExchangeRateEffect
Fact002215,CashCashEquivalentsRestrictedCashAndRestrictedCashEquivalentsIncludingDisposalGroupAndDiscontinuedOperations,2895000.0,USD,false,AsOf2023-03-31_srt_ScenarioPreviouslyReportedMember,0000923601,,,2023-03-31,us-gaap,CashCashEquivalentsRestrictedCashAndRestrictedCashEquivalentsIncludingDisposalGroupAndDiscontinuedOperations
Fact002292,OtherCostOfOperatingRevenue,2059000.0,USD,false,From2024-01-012024-12-31_srt_ScenarioPreviouslyReportedMember,0000923601,2024-01-01,2024-12-31,,us-gaap,OtherCostOfOperatingRevenue
Fact002294,OtherCostOfOperatingRevenue,2648000.0,USD,false,From2023-04-012023-12-31_srt_ScenarioPreviouslyReportedMember,0000923601,2023-04-01,2023-12-31,,us-gaap,OtherCostOfOperatingRevenue
Fact002344,FinitelivedIntangibleAssetsAcquired1,1050000.0,USD,false,From2024-10-012024-12-31_srt_ScenarioPreviouslyReportedMember,0000923601,2024-10-01,2024-12-31,,us-gaap,FinitelivedIntangibleAssetsAcquired1
Fact002360,BusinessCombinationRecognizedIdentifiableAssetsAcquiredAndLiabilitiesAssumedCashAndEquivalents,17000.0,USD,false,AsOf2024-07-03_custom_SemiCabIncMember_srt_ScenarioPreviouslyReportedMember37441312,0000923601,,,2024-07-03,us-gaap,BusinessCombinationRecognizedIdentifiableAssetsAcquiredAndLiabilitiesAssumedCashAndEquivalents
Fact002362,BusinessCombinationRecognizedIdentifiableAssetsAcquiredAndLiabilitiesAssumedCurrentAssetsReceivables,193000.0,USD,false,AsOf2024-07-03_custom_SemiCabIncMember_srt_ScenarioPreviouslyReportedMember37441312,0000923601,,,2024-07-03,us-gaap,BusinessCombinationRecognizedIdentifiableAssetsAcquiredAndLiabilitiesAssumedCurrentAssetsReceivables
Fact002364,BusinessCombinationRecognizedIdentifiableAssetsAcquiredAndLiabilitiesAssumedCurrentAssetsPrepaidExpenseAndOtherAssets,13000.0,USD,false,AsOf2024-07-03_custom_SemiCabIncMember_srt_ScenarioPreviouslyReportedMember37441312,0000923601,,,2024-07-03,us-gaap,BusinessCombinationRecognizedIdentifiableAssetsAcquiredAndLiabilitiesAssumedCurrentAssetsPrepaidExpenseAndOtherAssets
Fact002366,BusinessCombinationRecognizedIdentifiableAssetsAcquiredAndLiabilitiesAssumedPropertyPlantAndEquipment,3000.0,USD,false,AsOf2024-07-03_custom_SemiCabIncMember_srt_ScenarioPreviouslyReportedMember37441312,0000923601,,,2024-07-03,us-gaap,BusinessCombinationRecognizedIdentifiableAssetsAcquiredAndLiabilitiesAssumedPropertyPlantAndEquipment
Fact002368,BusinessCombinationRecognizedIdentifiableAssetsAcquiredAndLiabilitiesAssumedOtherNoncurrentAssets,14000.0,USD,false,AsOf2024-07-03_custom_SemiCabIncMember_srt_ScenarioPreviouslyReportedMember37441312,0000923601,,,2024-07-03,us-gaap,BusinessCombinationRecognizedIdentifiableAssetsAcquiredAndLiabilitiesAssumedOtherNoncurrentAssets
Fact002382,BusinessCombinationRecognizedIdentifiableAssetsAcquiredAndLiabilitiesAssumedCurrentLiabilitiesAccountsPayable,2679000.0,USD,false,AsOf2024-07-03_custom_SemiCabIncMember_srt_ScenarioPreviouslyReportedMember37441312,0000923601,,,2024-07-03,us-gaap,BusinessCombinationRecognizedIdentifiableAssetsAcquiredAndLiabilitiesAssumedCurrentLiabilitiesAccountsPayable
Fact002390,BusinessCombinationRecognizedIdentifiableAssetsAcquiredAndLiabilitiesAssumedNet,3395000.0,USD,false,AsOf2024-07-03_custom_SemiCabIncMember_srt_ScenarioPreviouslyReportedMember37441312,0000923601,,,2024-07-03,us-gaap,BusinessCombinationRecognizedIdentifiableAssetsAcquiredAndLiabilitiesAssumedNet
Fact002449,OtherDepreciationAndAmortization,30000.0,USD,false,From2024-01-012024-12-31_srt_ScenarioPreviouslyReportedMember,0000923601,2024-01-01,2024-12-31,,us-gaap,OtherDepreciationAndAmortization
Fact002467,InterestExpense,36000.0,USD,false,From2024-01-012024-12-31_us-gaap_RelatedPartyMember_srt_ScenarioPreviouslyReportedMember,0000923601,2024-01-01,2024-12-31,,us-gaap,InterestExpense
Fact002544,InterestExpenseCapitalSecurities,105400.0,USD,false,From2024-01-012024-12-31_custom_AgileCapilalMerchantCashAdvanceMember_srt_ScenarioPreviouslyReportedMember,0000923601,2024-01-01,2024-12-31,,us-gaap,InterestExpenseCapitalSecurities
Fact002654,ShareBasedCompensationArrangementByShareBasedPaymentAwardNumberOfSharesAuthorized,1500.0,Shares,false,AsOf2024-12-31_custom_TwoThousandTwentyTwoPlanMember_srt_ScenarioPreviouslyReportedMember,0000923601,,,2024-12-31,us-gaap,ShareBasedCompensationArrangementByShareBasedPaymentAwardNumberOfSharesAuthorized
Fact002656,ShareBasedCompensationArrangementByShareBasedPaymentAwardSharesIssuedInPeriod,1183.0,Shares,false,From2024-01-012024-12-31_custom_TwoThousandTwentyTwoPlanMember_srt_ScenarioPreviouslyReportedMember,0000923601,2024-01-01,2024-12-31,,us-gaap,ShareBasedCompensationArrangementByShareBasedPaymentAwardSharesIssuedInPeriod
Fact002658,ShareBasedCompensationArrangementByShareBasedPaymentAwardNumberOfSharesAvailableForGrant,317.0,Shares,false,AsOf2024-12-31_custom_TwoThousandTwentyTwoPlanMember_srt_ScenarioPreviouslyReportedMember,0000923601,,,2024-12-31,us-gaap,ShareBasedCompensationArrangementByShareBasedPaymentAwardNumberOfSharesAvailableForGrant
Fact002660,StockIssuedDuringPeriodSharesShareBasedCompensationForfeited,33.0,Shares,false,From2024-01-012024-12-31_custom_TwoThousandTwentyTwoPlanMember_srt_ScenarioPreviouslyReportedMember,0000923601,2024-01-01,2024-12-31,,us-gaap,StockIssuedDuringPeriodSharesShareBasedCompensationForfeited
Fact002662,StockIssuedDuringPeriodSharesShareBasedCompensationForfeited,238.0,Shares,false,From2023-04-012023-12-31_custom_TwoThousandTwentyTwoPlanMember_srt_ScenarioPreviouslyReportedMember,0000923601,2023-04-01,2023-12-31,,us-gaap,StockIssuedDuringPeriodSharesShareBasedCompensationForfeited
Fact002668,EmployeeBenefitsAndShareBasedCompensation,69000.0,USD,false,From2024-01-012024-12-31_custom_TwoThousandTwentyTwoPlanMember_srt_ScenarioPreviouslyReportedMember,0000923601,2024-01-01,2024-12-31,,us-gaap,EmployeeBenefitsAndShareBasedCompensation
Fact002670,EmployeeBenefitsAndShareBasedCompensation,110000.0,USD,false,From2023-04-012023-12-31_custom_TwoThousandTwentyTwoPlanMember_srt_ScenarioPreviouslyReportedMember,0000923601,2023-04-01,2023-12-31,,us-gaap,EmployeeBenefitsAndShareBasedCompensation
Fact002672,EmployeeServiceShareBasedCompensationNonvestedAwardsTotalCompensationCostNotYetRecognizedStockOptions,33000.0,USD,false,AsOf2024-12-31_srt_ScenarioPreviouslyReportedMember,0000923601,,,2024-12-31,us-gaap,EmployeeServiceShareBasedCompensationNonvestedAwardsTotalCompensationCostNotYetRecognizedStockOptions
Fact002718,AntidilutiveSecuritiesExcludedFromComputationOfEarningsPerShareAmount,536.0,Shares,false,From2024-01-012024-12-31_us-gaap_EmployeeStockOptionMember_srt_ScenarioPreviouslyReportedMember,0000923601,2024-01-01,2024-12-31,,us-gaap,AntidilutiveSecuritiesExcludedFromComputationOfEarningsPerShareAmount
Fact002722,AntidilutiveSecuritiesExcludedFromComputationOfEarningsPerShareAmount,569.0,Shares,false,From2023-04-012023-12-31_us-gaap_EmployeeStockOptionMember_srt_ScenarioPreviouslyReportedMember,0000923601,2023-04-01,2023-12-31,,us-gaap,AntidilutiveSecuritiesExcludedFromComputationOfEarningsPerShareAmount
Fact002992,DeferredTaxAssetsOperatingLossCarryforwardsDomestic,4085000.0,USD,false,AsOf2024-12-31_srt_ScenarioPreviouslyReportedMember,0000923601,,,2024-12-31,us-gaap,DeferredTaxAssetsOperatingLossCarryforwardsDomestic
Fact002993,DeferredTaxAssetsOperatingLossCarryforwardsDomestic,1291000.0,USD,false,AsOf2023-12-31_srt_ScenarioPreviouslyReportedMember,0000923601,,,2023-12-31,us-gaap,DeferredTaxAssetsOperatingLossCarryforwardsDomestic
Fact002995,DeferredTaxAssetsOperatingLossCarryforwardsStateAndLocal,1426000.0,USD,false,AsOf2024-12-31_srt_ScenarioPreviouslyReportedMember,0000923601,,,2024-12-31,us-gaap,DeferredTaxAssetsOperatingLossCarryforwardsStateAndLocal
Fact002996,DeferredTaxAssetsOperatingLossCarryforwardsStateAndLocal,469000.0,USD,false,AsOf2023-12-31_srt_ScenarioPreviouslyReportedMember,0000923601,,,2023-12-31,us-gaap,DeferredTaxAssetsOperatingLossCarryforwardsStateAndLocal
Fact002998,DeferredTaxAssetsInventory,355000.0,USD,false,AsOf2024-12-31_srt_ScenarioPreviouslyReportedMember,0000923601,,,2024-12-31,us-gaap,DeferredTaxAssetsInventory
Fact002999,DeferredTaxAssetsInventory,1173000.0,USD,false,AsOf2023-12-31_srt_ScenarioPreviouslyReportedMember,0000923601,,,2023-12-31,us-gaap,DeferredTaxAssetsInventory
Fact003001,DeferredTaxAssetsGoodwillAndIntangibleAssets,674000.0,USD,false,AsOf2024-12-31_srt_ScenarioPreviouslyReportedMember,0000923601,,,2024-12-31,us-gaap,DeferredTaxAssetsGoodwillAndIntangibleAssets
Fact003004,DeferredTaxAssetsTaxDeferredExpenseCompensationAndBenefitsShareBasedCompensationCost,179000.0,USD,false,AsOf2024-12-31_srt_ScenarioPreviouslyReportedMember,0000923601,,,2024-12-31,us-gaap,DeferredTaxAssetsTaxDeferredExpenseCompensationAndBenefitsShareBasedCompensationCost
Fact003005,DeferredTaxAssetsTaxDeferredExpenseCompensationAndBenefitsShareBasedCompensationCost,159000.0,USD,false,AsOf2023-12-31_srt_ScenarioPreviouslyReportedMember,0000923601,,,2023-12-31,us-gaap,DeferredTaxAssetsTaxDeferredExpenseCompensationAndBenefitsShareBasedCompensationCost
Fact003019,DeferredTaxAssetsTaxDeferredExpenseReservesAndAccrualsReturnsAndAllowances,476000.0,USD,false,AsOf2024-12-31_srt_ScenarioPreviouslyReportedMember,0000923601,,,2024-12-31,us-gaap,DeferredTaxAssetsTaxDeferredExpenseReservesAndAccrualsReturnsAndAllowances
Fact003020,DeferredTaxAssetsTaxDeferredExpenseReservesAndAccrualsReturnsAndAllowances,384000.0,USD,false,AsOf2023-12-31_srt_ScenarioPreviouslyReportedMember,0000923601,,,2023-12-31,us-gaap,DeferredTaxAssetsTaxDeferredExpenseReservesAndAccrualsReturnsAndAllowances
Fact003022,DeferredTaxAssetsTaxDeferredExpenseReservesAndAccruals,20000.0,USD,false,AsOf2024-12-31_srt_ScenarioPreviouslyReportedMember,0000923601,,,2024-12-31,us-gaap,DeferredTaxAssetsTaxDeferredExpenseReservesAndAccruals
Fact003023,DeferredTaxAssetsTaxDeferredExpenseReservesAndAccruals,8000.0,USD,false,AsOf2023-12-31_srt_ScenarioPreviouslyReportedMember,0000923601,,,2023-12-31,us-gaap,DeferredTaxAssetsTaxDeferredExpenseReservesAndAccruals
Fact003025,DeferredTaxAssetsGross,8216000.0,USD,false,AsOf2024-12-31_srt_ScenarioPreviouslyReportedMember,0000923601,,,2024-12-31,us-gaap,DeferredTaxAssetsGross
Fact003026,DeferredTaxAssetsGross,4702000.0,USD,false,AsOf2023-12-31_srt_ScenarioPreviouslyReportedMember,0000923601,,,2023-12-31,us-gaap,DeferredTaxAssetsGross
Fact003028,DeferredTaxAssetsValuationAllowance,8039000.0,USD,false,AsOf2024-12-31_srt_ScenarioPreviouslyReportedMember,0000923601,,,2024-12-31,us-gaap,DeferredTaxAssetsValuationAllowance
Fact003029,DeferredTaxAssetsValuationAllowance,3600000.0,USD,false,AsOf2023-12-31_srt_ScenarioPreviouslyReportedMember,0000923601,,,2023-12-31,us-gaap,DeferredTaxAssetsValuationAllowance
Fact003031,DeferredTaxAssetsNet,176000.0,USD,false,AsOf2024-12-31_srt_ScenarioPreviouslyReportedMember,0000923601,,,2024-12-31,us-gaap,DeferredTaxAssetsNet
Fact003032,DeferredTaxAssetsNet,1103000.0,USD,false,AsOf2023-12-31_srt_ScenarioPreviouslyReportedMember,0000923601,,,2023-12-31,us-gaap,DeferredTaxAssetsNet
Fact003034,DeferredTaxLiabilitiesPropertyPlantAndEquipment,39000.0,USD,false,AsOf2024-12-31_srt_ScenarioPreviouslyReportedMember,0000923601,,,2024-12-31,us-gaap,DeferredTaxLiabilitiesPropertyPlantAndEquipment
Fact003035,DeferredTaxLiabilitiesPropertyPlantAndEquipment,67000.0,USD,false,AsOf2023-12-31_srt_ScenarioPreviouslyReportedMember,0000923601,,,2023-12-31,us-gaap,DeferredTaxLiabilitiesPropertyPlantAndEquipment
Fact003043,DeferredTaxLiabilitiesPrepaidExpenses,32000.0,USD,false,AsOf2024-12-31_srt_ScenarioPreviouslyReportedMember,0000923601,,,2024-12-31,us-gaap,DeferredTaxLiabilitiesPrepaidExpenses
Fact003044,DeferredTaxLiabilitiesPrepaidExpenses,35000.0,USD,false,AsOf2023-12-31_srt_ScenarioPreviouslyReportedMember,0000923601,,,2023-12-31,us-gaap,DeferredTaxLiabilitiesPrepaidExpenses
Fact003046,DeferredTaxLiabilities,176000.0,USD,false,AsOf2024-12-31_srt_ScenarioPreviouslyReportedMember,0000923601,,,2024-12-31,us-gaap,DeferredTaxLiabilities
Fact003047,DeferredTaxLiabilities,1103000.0,USD,false,AsOf2023-12-31_srt_ScenarioPreviouslyReportedMember,0000923601,,,2023-12-31,us-gaap,DeferredTaxLiabilities
Fact003054,IncomeTaxReconciliationIncomeTaxExpenseBenefitAtFederalStatutoryIncomeTaxRate,5117000.0,USD,false,From2024-01-012024-12-31_srt_ScenarioPreviouslyReportedMember,0000923601,2024-01-01,2024-12-31,,us-gaap,IncomeTaxReconciliationIncomeTaxExpenseBenefitAtFederalStatutoryIncomeTaxRate
Fact003055,IncomeTaxReconciliationIncomeTaxExpenseBenefitAtFederalStatutoryIncomeTaxRate,1344000.0,USD,false,From2023-04-012023-12-31_srt_ScenarioPreviouslyReportedMember,0000923601,2023-04-01,2023-12-31,,us-gaap,IncomeTaxReconciliationIncomeTaxExpenseBenefitAtFederalStatutoryIncomeTaxRate
Fact003069,IncomeTaxReconciliationChangeInDeferredTaxAssetsValuationAllowance,4428000.0,USD,false,From2024-01-012024-12-31_srt_ScenarioPreviouslyReportedMember,0000923601,2024-01-01,2024-12-31,,us-gaap,IncomeTaxReconciliationChangeInDeferredTaxAssetsValuationAllowance
Fact003070,IncomeTaxReconciliationChangeInDeferredTaxAssetsValuationAllowance,1495000.0,USD,false,From2023-04-012023-12-31_srt_ScenarioPreviouslyReportedMember,0000923601,2023-04-01,2023-12-31,,us-gaap,IncomeTaxReconciliationChangeInDeferredTaxAssetsValuationAllowance
Fact003088,DeferredTaxAssetsOther,8039000.0,USD,false,AsOf2024-12-31_srt_ScenarioPreviouslyReportedMember,0000923601,,,2024-12-31,us-gaap,DeferredTaxAssetsOther
Fact003094,DeferredTaxAssetsOther,3600000.0,USD,false,AsOf2023-12-31_srt_ScenarioPreviouslyReportedMember,0000923601,,,2023-12-31,us-gaap,DeferredTaxAssetsOther
Fact003100,Revenues,23197000.0,USD,false,From2024-01-012024-12-31_us-gaap_OperatingSegmentsMember_custom_SingingMachineMember_srt_ScenarioPreviouslyReportedMember,0000923601,2024-01-01,2024-12-31,,us-gaap,Revenues
Fact003103,Revenues,29198000.0,USD,false,From2023-04-012023-12-31_us-gaap_OperatingSegmentsMember_custom_SingingMachineMember_srt_ScenarioPreviouslyReportedMember,0000923601,2023-04-01,2023-12-31,,us-gaap,Revenues
Fact003107,CostOfRevenue,18222000.0,USD,false,From2024-01-012024-12-31_us-gaap_OperatingSegmentsMember_custom_SingingMachineMember_srt_ScenarioPreviouslyReportedMember,0000923601,2024-01-01,2024-12-31,,us-gaap,CostOfRevenue
Fact003110,CostOfRevenue,23008000.0,USD,false,From2023-04-012023-12-31_us-gaap_OperatingSegmentsMember_custom_SingingMachineMember_srt_ScenarioPreviouslyReportedMember,0000923601,2023-04-01,2023-12-31,,us-gaap,CostOfRevenue
Fact003166,GainLossOnSaleOfOtherAssets,44000.0,USD,false,From2023-04-012023-12-31_us-gaap_OperatingSegmentsMember_custom_SingingMachineMember_srt_ScenarioPreviouslyReportedMember,0000923601,2023-04-01,2023-12-31,,us-gaap,GainLossOnSaleOfOtherAssets
Fact003180,InterestExpense,299000.0,USD,false,From2023-04-012023-12-31_us-gaap_OperatingSegmentsMember_custom_SingingMachineMember_srt_ScenarioPreviouslyReportedMember,0000923601,2023-04-01,2023-12-31,,us-gaap,InterestExpense
Fact003184,NetIncomeLoss,18818000.0,USD,false,From2024-01-012024-12-31_us-gaap_OperatingSegmentsMember_custom_SingingMachineMember_srt_ScenarioPreviouslyReportedMember,0000923601,2024-01-01,2024-12-31,,us-gaap,NetIncomeLoss
Fact003187,NetIncomeLoss,6398000.0,USD,false,From2023-04-012023-12-31_us-gaap_OperatingSegmentsMember_custom_SingingMachineMember_srt_ScenarioPreviouslyReportedMember,0000923601,2023-04-01,2023-12-31,,us-gaap,NetIncomeLoss
Fact003248,AllowanceForDoubtfulAccountsReceivableCurrent,139182.0,USD,false,AsOf2022-12-31_srt_ScenarioPreviouslyReportedMember,0000923601,,,2022-12-31,us-gaap,AllowanceForDoubtfulAccountsReceivableCurrent
Fact003250,AccountsReceivableNet,7305920.0,USD,false,AsOf2022-12-31_srt_ScenarioPreviouslyReportedMember,0000923601,,,2022-12-31,us-gaap,AccountsReceivableNet
